cod_ibge,id_mun,ano,obitos
1100015,110001,2013,0
1100023,110002,2013,0
1100049,110004,2013,0
1100056,110005,2013,0
1100098,110009,2013,0
1100106,110010,2013,0
1100114,110011,2013,0
1100122,110012,2013,1
1100148,110014,2013,0
1100155,110015,2013,0
1100205,110020,2013,1
1100288,110028,2013,0
1100304,110030,2013,1
1100320,110032,2013,0
1100346,110034,2013,0
1100502,110050,2013,0
1100940,110094,2013,0
1101450,110145,2013,0
1101484,110148,2013,0
1101492,110149,2013,0
1200054,120005,2013,0
1200104,120010,2013,0
1200203,120020,2013,0
1200302,120030,2013,0
1200385,120038,2013,0
1200401,120040,2013,0
1300029,130002,2013,0
1300607,130060,2013,0
1301209,130120,2013,0
1301407,130140,2013,0
1301704,130170,2013,0
1301803,130180,2013,0
1301902,130190,2013,0
1302306,130230,2013,0
1302405,130240,2013,0
1302504,130250,2013,0
1302603,130260,2013,10
1302702,130270,2013,0
1303403,130340,2013,0
1303809,130380,2013,0
1303908,130390,2013,0
1304062,130406,2013,0
1304104,130410,2013,0
1304203,130420,2013,1
1400050,140005,2013,0
1400100,140010,2013,0
1500206,150020,2013,0
1500602,150060,2013,0
1500800,150080,2013,0
1501402,150140,2013,0
1501576,150157,2013,0
1502608,150260,2013,0
1503309,150330,2013,0
1503507,150350,2013,0
1503606,150360,2013,0
1504208,150420,2013,0
1504604,150460,2013,0
1504802,150480,2013,0
1505205,150520,2013,0
1505304,150530,2013,1
1506195,150619,2013,2
1507300,150730,2013,0
1507953,150795,2013,0
1508050,150805,2013,0
1508084,150808,2013,0
1508159,150815,2013,0
1508357,150835,2013,0
1600279,160027,2013,0
1600303,160030,2013,3
1600501,160050,2013,0
1600535,160053,2013,0
1600600,160060,2013,0
1700251,170025,2013,0
1702109,170210,2013,2
1702208,170220,2013,0
1703701,170370,2013,0
1703883,170388,2013,0
1705508,170550,2013,0
1707009,170700,2013,0
1707108,170710,2013,0
1707207,170720,2013,1
1707306,170730,2013,0
1709302,170930,2013,0
1709500,170950,2013,0
1710508,171050,2013,0
1713205,171320,2013,0
1716109,171610,2013,0
1716505,171650,2013,0
1716604,171660,2013,0
1717909,171790,2013,0
1718204,171820,2013,0
1718501,171850,2013,0
1718709,171870,2013,0
1720259,172025,2013,0
1720655,172065,2013,0
1721000,172100,2013,2
1721109,172110,2013,0
1721208,172120,2013,0
1722107,172210,2013,0
2100600,210060,2013,0
2101004,210100,2013,0
2101608,210160,2013,0
2102705,210270,2013,0
2103257,210325,2013,0
2103505,210350,2013,0
2103802,210380,2013,0
2104404,210440,2013,0
2105302,210530,2013,0
2105401,210540,2013,0
2105500,210550,2013,0
2105708,210570,2013,0
2105906,210590,2013,0
2105963,210596,2013,0
2106326,210632,2013,0
2106755,210675,2013,0
2107357,210735,2013,0
2107456,210745,2013,0
2107506,210750,2013,0
2107704,210770,2013,2
2108009,210800,2013,0
2109007,210900,2013,0
2109452,210945,2013,1
2110005,211000,2013,0
2110708,211070,2013,0
2111029,211102,2013,0
2111052,211105,2013,0
2111201,211120,2013,0
2111300,211130,2013,7
2111409,211140,2013,0
2112233,211223,2013,0
2112902,211290,2013,0
2113009,211300,2013,0
5100250,510025,2013,0
5100409,510040,2013,0
5100508,510050,2013,0
5101308,510130,2013,0
5101803,510180,2013,2
5101902,510190,2013,0
5102504,510250,2013,0
5102603,510260,2013,0
5102637,510263,2013,3
5102678,510267,2013,0
5102694,510269,2013,0
5102702,510270,2013,0
5103007,510300,2013,0
5103205,510320,2013,0
5103254,510325,2013,0
5103304,510330,2013,0
5103353,510335,2013,0
5103403,510340,2013,1
5103502,510350,2013,0
5103809,510380,2013,0
5103858,510385,2013,0
5104104,510410,2013,0
5104807,510480,2013,1
5105002,510500,2013,0
5105101,510510,2013,1
5105150,510515,2013,0
5105259,510525,2013,1
5105606,510560,2013,0
5106000,510600,2013,0
5106190,510619,2013,0
5106216,510621,2013,0
5106224,510622,2013,0
5106265,510626,2013,0
5106273,510627,2013,0
5106422,510642,2013,0
5106505,510650,2013,0
5106653,510665,2013,1
5106752,510675,2013,1
5106778,510677,2013,0
5107008,510700,2013,0
5107040,510704,2013,3
5107065,510706,2013,0
5107602,510760,2013,0
5107768,510776,2013,0
5107859,510785,2013,0
5107875,510787,2013,1
5107883,510788,2013,0
5107909,510790,2013,6
5107925,510792,2013,2
5107958,510795,2013,1
5108303,510830,2013,0
5108402,510840,2013,0
5108501,510850,2013,1
1100015,110001,2014,0
1100023,110002,2014,0
1100049,110004,2014,0
1100056,110005,2014,0
1100098,110009,2014,0
1100106,110010,2014,0
1100114,110011,2014,0
1100122,110012,2014,0
1100148,110014,2014,0
1100155,110015,2014,0
1100205,110020,2014,1
1100288,110028,2014,0
1100304,110030,2014,0
1100320,110032,2014,0
1100346,110034,2014,0
1100502,110050,2014,0
1100940,110094,2014,0
1101450,110145,2014,1
1101484,110148,2014,0
1101492,110149,2014,0
1200054,120005,2014,0
1200104,120010,2014,0
1200203,120020,2014,2
1200302,120030,2014,0
1200385,120038,2014,0
1200401,120040,2014,0
1300029,130002,2014,0
1300607,130060,2014,0
1301209,130120,2014,0
1301407,130140,2014,0
1301704,130170,2014,0
1301803,130180,2014,0
1301902,130190,2014,1
1302306,130230,2014,0
1302405,130240,2014,0
1302504,130250,2014,0
1302603,130260,2014,5
1302702,130270,2014,0
1303403,130340,2014,1
1303809,130380,2014,0
1303908,130390,2014,0
1304062,130406,2014,1
1304104,130410,2014,0
1304203,130420,2014,0
1400050,140005,2014,0
1400100,140010,2014,1
1500206,150020,2014,0
1500602,150060,2014,1
1500800,150080,2014,1
1501402,150140,2014,0
1501576,150157,2014,0
1502608,150260,2014,0
1503309,150330,2014,0
1503507,150350,2014,0
1503606,150360,2014,0
1504208,150420,2014,0
1504604,150460,2014,0
1504802,150480,2014,0
1505205,150520,2014,0
1505304,150530,2014,1
1506195,150619,2014,0
1507300,150730,2014,0
1507953,150795,2014,1
1508050,150805,2014,0
1508084,150808,2014,0
1508159,150815,2014,0
1508357,150835,2014,1
1600279,160027,2014,1
1600303,160030,2014,0
1600501,160050,2014,0
1600535,160053,2014,0
1600600,160060,2014,0
1700251,170025,2014,0
1702109,170210,2014,0
1702208,170220,2014,0
1703701,170370,2014,0
1703883,170388,2014,0
1705508,170550,2014,0
1707009,170700,2014,0
1707108,170710,2014,0
1707207,170720,2014,0
1707306,170730,2014,0
1709302,170930,2014,0
1709500,170950,2014,0
1710508,171050,2014,0
1713205,171320,2014,0
1716109,171610,2014,0
1716505,171650,2014,0
1716604,171660,2014,0
1717909,171790,2014,0
1718204,171820,2014,0
1718501,171850,2014,0
1718709,171870,2014,0
1720259,172025,2014,0
1720655,172065,2014,0
1721000,172100,2014,0
1721109,172110,2014,0
1721208,172120,2014,0
1722107,172210,2014,0
2100600,210060,2014,0
2101004,210100,2014,0
2101608,210160,2014,0
2102705,210270,2014,0
2103257,210325,2014,0
2103505,210350,2014,0
2103802,210380,2014,0
2104404,210440,2014,0
2105302,210530,2014,1
2105401,210540,2014,0
2105500,210550,2014,0
2105708,210570,2014,0
2105906,210590,2014,0
2105963,210596,2014,0
2106326,210632,2014,0
2106755,210675,2014,1
2107357,210735,2014,2
2107456,210745,2014,1
2107506,210750,2014,0
2107704,210770,2014,0
2108009,210800,2014,0
2109007,210900,2014,0
2109452,210945,2014,0
2110005,211000,2014,1
2110708,211070,2014,0
2111029,211102,2014,1
2111052,211105,2014,0
2111201,211120,2014,2
2111300,211130,2014,6
2111409,211140,2014,0
2112233,211223,2014,0
2112902,211290,2014,0
2113009,211300,2014,0
5100250,510025,2014,1
5100409,510040,2014,0
5100508,510050,2014,1
5101308,510130,2014,0
5101803,510180,2014,0
5101902,510190,2014,0
5102504,510250,2014,0
5102603,510260,2014,0
5102637,510263,2014,0
5102678,510267,2014,0
5102694,510269,2014,0
5102702,510270,2014,0
5103007,510300,2014,0
5103205,510320,2014,0
5103254,510325,2014,0
5103304,510330,2014,0
5103353,510335,2014,0
5103403,510340,2014,1
5103502,510350,2014,0
5103809,510380,2014,0
5103858,510385,2014,0
5104104,510410,2014,0
5104807,510480,2014,0
5105002,510500,2014,0
5105101,510510,2014,0
5105150,510515,2014,0
5105259,510525,2014,0
5105606,510560,2014,0
5106000,510600,2014,0
5106190,510619,2014,0
5106216,510621,2014,0
5106224,510622,2014,0
5106265,510626,2014,0
5106273,510627,2014,0
5106422,510642,2014,0
5106505,510650,2014,0
5106653,510665,2014,0
5106752,510675,2014,0
5106778,510677,2014,0
5107008,510700,2014,0
5107040,510704,2014,0
5107065,510706,2014,0
5107602,510760,2014,1
5107768,510776,2014,0
5107859,510785,2014,0
5107875,510787,2014,0
5107883,510788,2014,0
5107909,510790,2014,1
5107925,510792,2014,0
5107958,510795,2014,0
5108303,510830,2014,0
5108402,510840,2014,0
5108501,510850,2014,0
1100015,110001,2015,0
1100023,110002,2015,0
1100049,110004,2015,0
1100056,110005,2015,0
1100098,110009,2015,0
1100106,110010,2015,0
1100114,110011,2015,0
1100122,110012,2015,0
1100148,110014,2015,0
1100155,110015,2015,3
1100205,110020,2015,1
1100288,110028,2015,0
1100304,110030,2015,0
1100320,110032,2015,0
1100346,110034,2015,0
1100502,110050,2015,0
1100940,110094,2015,0
1101450,110145,2015,0
1101484,110148,2015,0
1101492,110149,2015,0
1200054,120005,2015,0
1200104,120010,2015,0
1200203,120020,2015,1
1200302,120030,2015,0
1200385,120038,2015,0
1200401,120040,2015,0
1300029,130002,2015,0
1300607,130060,2015,0
1301209,130120,2015,0
1301407,130140,2015,0
1301704,130170,2015,0
1301803,130180,2015,0
1301902,130190,2015,0
1302306,130230,2015,0
1302405,130240,2015,0
1302504,130250,2015,0
1302603,130260,2015,3
1302702,130270,2015,0
1303403,130340,2015,0
1303809,130380,2015,0
1303908,130390,2015,0
1304062,130406,2015,0
1304104,130410,2015,0
1304203,130420,2015,0
1400050,140005,2015,0
1400100,140010,2015,0
1500206,150020,2015,0
1500602,150060,2015,1
1500800,150080,2015,0
1501402,150140,2015,2
1501576,150157,2015,0
1502608,150260,2015,0
1503309,150330,2015,0
1503507,150350,2015,1
1503606,150360,2015,0
1504208,150420,2015,0
1504604,150460,2015,0
1504802,150480,2015,0
1505205,150520,2015,0
1505304,150530,2015,0
1506195,150619,2015,1
1507300,150730,2015,0
1507953,150795,2015,0
1508050,150805,2015,0
1508084,150808,2015,0
1508159,150815,2015,0
1508357,150835,2015,0
1600279,160027,2015,0
1600303,160030,2015,2
1600501,160050,2015,0
1600535,160053,2015,0
1600600,160060,2015,0
1700251,170025,2015,1
1702109,170210,2015,0
1702208,170220,2015,1
1703701,170370,2015,1
1703883,170388,2015,0
1705508,170550,2015,0
1707009,170700,2015,0
1707108,170710,2015,0
1707207,170720,2015,0
1707306,170730,2015,0
1709302,170930,2015,1
1709500,170950,2015,0
1710508,171050,2015,0
1713205,171320,2015,0
1716109,171610,2015,0
1716505,171650,2015,0
1716604,171660,2015,0
1717909,171790,2015,1
1718204,171820,2015,0
1718501,171850,2015,0
1718709,171870,2015,0
1720259,172025,2015,0
1720655,172065,2015,0
1721000,172100,2015,1
1721109,172110,2015,0
1721208,172120,2015,0
1722107,172210,2015,0
2100600,210060,2015,0
2101004,210100,2015,0
2101608,210160,2015,1
2102705,210270,2015,0
2103257,210325,2015,0
2103505,210350,2015,0
2103802,210380,2015,0
2104404,210440,2015,0
2105302,210530,2015,2
2105401,210540,2015,1
2105500,210550,2015,0
2105708,210570,2015,0
2105906,210590,2015,0
2105963,210596,2015,0
2106326,210632,2015,0
2106755,210675,2015,1
2107357,210735,2015,0
2107456,210745,2015,0
2107506,210750,2015,0
2107704,210770,2015,0
2108009,210800,2015,1
2109007,210900,2015,0
2109452,210945,2015,1
2110005,211000,2015,0
2110708,211070,2015,0
2111029,211102,2015,0
2111052,211105,2015,0
2111201,211120,2015,0
2111300,211130,2015,6
2111409,211140,2015,0
2112233,211223,2015,0
2112902,211290,2015,1
2113009,211300,2015,0
5100250,510025,2015,0
5100409,510040,2015,0
5100508,510050,2015,0
5101308,510130,2015,0
5101803,510180,2015,0
5101902,510190,2015,0
5102504,510250,2015,0
5102603,510260,2015,0
5102637,510263,2015,0
5102678,510267,2015,0
5102694,510269,2015,0
5102702,510270,2015,0
5103007,510300,2015,0
5103205,510320,2015,0
5103254,510325,2015,0
5103304,510330,2015,0
5103353,510335,2015,0
5103403,510340,2015,2
5103502,510350,2015,0
5103809,510380,2015,0
5103858,510385,2015,0
5104104,510410,2015,0
5104807,510480,2015,0
5105002,510500,2015,0
5105101,510510,2015,0
5105150,510515,2015,1
5105259,510525,2015,1
5105606,510560,2015,1
5106000,510600,2015,0
5106190,510619,2015,0
5106216,510621,2015,0
5106224,510622,2015,0
5106265,510626,2015,0
5106273,510627,2015,0
5106422,510642,2015,1
5106505,510650,2015,0
5106653,510665,2015,0
5106752,510675,2015,0
5106778,510677,2015,0
5107008,510700,2015,0
5107040,510704,2015,0
5107065,510706,2015,0
5107602,510760,2015,1
5107768,510776,2015,0
5107859,510785,2015,0
5107875,510787,2015,1
5107883,510788,2015,0
5107909,510790,2015,0
5107925,510792,2015,1
5107958,510795,2015,0
5108303,510830,2015,0
5108402,510840,2015,0
5108501,510850,2015,0
1100015,110001,2016,0
1100023,110002,2016,0
1100049,110004,2016,0
1100056,110005,2016,0
1100098,110009,2016,0
1100106,110010,2016,0
1100114,110011,2016,0
1100122,110012,2016,0
1100148,110014,2016,0
1100155,110015,2016,0
1100205,110020,2016,1
1100288,110028,2016,1
1100304,110030,2016,0
1100320,110032,2016,0
1100346,110034,2016,0
1100502,110050,2016,1
1100940,110094,2016,0
1101450,110145,2016,0
1101484,110148,2016,0
1101492,110149,2016,0
1200054,120005,2016,0
1200104,120010,2016,0
1200203,120020,2016,0
1200302,120030,2016,0
1200385,120038,2016,0
1200401,120040,2016,0
1300029,130002,2016,0
1300607,130060,2016,0
1301209,130120,2016,0
1301407,130140,2016,0
1301704,130170,2016,0
1301803,130180,2016,0
1301902,130190,2016,0
1302306,130230,2016,0
1302405,130240,2016,0
1302504,130250,2016,0
1302603,130260,2016,1
1302702,130270,2016,0
1303403,130340,2016,0
1303809,130380,2016,0
1303908,130390,2016,0
1304062,130406,2016,0
1304104,130410,2016,0
1304203,130420,2016,0
1400050,140005,2016,0
1400100,140010,2016,0
1500206,150020,2016,0
1500602,150060,2016,0
1500800,150080,2016,0
1501402,150140,2016,0
1501576,150157,2016,0
1502608,150260,2016,0
1503309,150330,2016,0
1503507,150350,2016,0
1503606,150360,2016,0
1504208,150420,2016,0
1504604,150460,2016,0
1504802,150480,2016,0
1505205,150520,2016,0
1505304,150530,2016,0
1506195,150619,2016,0
1507300,150730,2016,0
1507953,150795,2016,0
1508050,150805,2016,0
1508084,150808,2016,0
1508159,150815,2016,0
1508357,150835,2016,0
1600279,160027,2016,0
1600303,160030,2016,0
1600501,160050,2016,0
1600535,160053,2016,0
1600600,160060,2016,1
1700251,170025,2016,0
1702109,170210,2016,0
1702208,170220,2016,0
1703701,170370,2016,0
1703883,170388,2016,0
1705508,170550,2016,0
1707009,170700,2016,0
1707108,170710,2016,0
1707207,170720,2016,0
1707306,170730,2016,0
1709302,170930,2016,0
1709500,170950,2016,0
1710508,171050,2016,0
1713205,171320,2016,0
1716109,171610,2016,0
1716505,171650,2016,0
1716604,171660,2016,0
1717909,171790,2016,0
1718204,171820,2016,0
1718501,171850,2016,0
1718709,171870,2016,0
1720259,172025,2016,0
1720655,172065,2016,0
1721000,172100,2016,0
1721109,172110,2016,0
1721208,172120,2016,0
1722107,172210,2016,0
2100600,210060,2016,0
2101004,210100,2016,0
2101608,210160,2016,5
2102705,210270,2016,0
2103257,210325,2016,0
2103505,210350,2016,0
2103802,210380,2016,0
2104404,210440,2016,0
2105302,210530,2016,2
2105401,210540,2016,0
2105500,210550,2016,1
2105708,210570,2016,0
2105906,210590,2016,0
2105963,210596,2016,0
2106326,210632,2016,0
2106755,210675,2016,0
2107357,210735,2016,0
2107456,210745,2016,0
2107506,210750,2016,0
2107704,210770,2016,0
2108009,210800,2016,0
2109007,210900,2016,0
2109452,210945,2016,0
2110005,211000,2016,0
2110708,211070,2016,0
2111029,211102,2016,0
2111052,211105,2016,0
2111201,211120,2016,1
2111300,211130,2016,1
2111409,211140,2016,0
2112233,211223,2016,0
2112902,211290,2016,0
2113009,211300,2016,0
5100250,510025,2016,0
5100409,510040,2016,0
5100508,510050,2016,0
5101308,510130,2016,0
5101803,510180,2016,0
5101902,510190,2016,1
5102504,510250,2016,0
5102603,510260,2016,0
5102637,510263,2016,0
5102678,510267,2016,0
5102694,510269,2016,0
5102702,510270,2016,0
5103007,510300,2016,0
5103205,510320,2016,0
5103254,510325,2016,0
5103304,510330,2016,0
5103353,510335,2016,0
5103403,510340,2016,0
5103502,510350,2016,0
5103809,510380,2016,0
5103858,510385,2016,0
5104104,510410,2016,0
5104807,510480,2016,0
5105002,510500,2016,0
5105101,510510,2016,0
5105150,510515,2016,1
5105259,510525,2016,0
5105606,510560,2016,0
5106000,510600,2016,1
5106190,510619,2016,0
5106216,510621,2016,0
5106224,510622,2016,0
5106265,510626,2016,0
5106273,510627,2016,0
5106422,510642,2016,0
5106505,510650,2016,0
5106653,510665,2016,0
5106752,510675,2016,0
5106778,510677,2016,0
5107008,510700,2016,0
5107040,510704,2016,0
5107065,510706,2016,0
5107602,510760,2016,0
5107768,510776,2016,0
5107859,510785,2016,0
5107875,510787,2016,0
5107883,510788,2016,0
5107909,510790,2016,1
5107925,510792,2016,0
5107958,510795,2016,1
5108303,510830,2016,0
5108402,510840,2016,0
5108501,510850,2016,0
1100015,110001,2017,0
1100023,110002,2017,0
1100049,110004,2017,0
1100056,110005,2017,0
1100098,110009,2017,0
1100106,110010,2017,0
1100114,110011,2017,0
1100122,110012,2017,0
1100148,110014,2017,0
1100155,110015,2017,0
1100205,110020,2017,0
1100288,110028,2017,0
1100304,110030,2017,0
1100320,110032,2017,0
1100346,110034,2017,0
1100502,110050,2017,0
1100940,110094,2017,0
1101450,110145,2017,0
1101484,110148,2017,0
1101492,110149,2017,0
1200054,120005,2017,0
1200104,120010,2017,0
1200203,120020,2017,1
1200302,120030,2017,0
1200385,120038,2017,0
1200401,120040,2017,0
1300029,130002,2017,0
1300607,130060,2017,0
1301209,130120,2017,0
1301407,130140,2017,0
1301704,130170,2017,0
1301803,130180,2017,0
1301902,130190,2017,0
1302306,130230,2017,0
1302405,130240,2017,0
1302504,130250,2017,0
1302603,130260,2017,0
1302702,130270,2017,1
1303403,130340,2017,0
1303809,130380,2017,0
1303908,130390,2017,0
1304062,130406,2017,2
1304104,130410,2017,0
1304203,130420,2017,0
1400050,140005,2017,0
1400100,140010,2017,0
1500206,150020,2017,0
1500602,150060,2017,0
1500800,150080,2017,0
1501402,150140,2017,0
1501576,150157,2017,0
1502608,150260,2017,0
1503309,150330,2017,0
1503507,150350,2017,0
1503606,150360,2017,0
1504208,150420,2017,0
1504604,150460,2017,0
1504802,150480,2017,0
1505205,150520,2017,0
1505304,150530,2017,0
1506195,150619,2017,0
1507300,150730,2017,0
1507953,150795,2017,0
1508050,150805,2017,0
1508084,150808,2017,0
1508159,150815,2017,0
1508357,150835,2017,0
1600279,160027,2017,0
1600303,160030,2017,0
1600501,160050,2017,0
1600535,160053,2017,0
1600600,160060,2017,1
1700251,170025,2017,0
1702109,170210,2017,0
1702208,170220,2017,0
1703701,170370,2017,0
1703883,170388,2017,0
1705508,170550,2017,1
1707009,170700,2017,0
1707108,170710,2017,1
1707207,170720,2017,0
1707306,170730,2017,0
1709302,170930,2017,0
1709500,170950,2017,0
1710508,171050,2017,0
1713205,171320,2017,0
1716109,171610,2017,0
1716505,171650,2017,0
1716604,171660,2017,0
1717909,171790,2017,0
1718204,171820,2017,0
1718501,171850,2017,0
1718709,171870,2017,0
1720259,172025,2017,0
1720655,172065,2017,0
1721000,172100,2017,0
1721109,172110,2017,0
1721208,172120,2017,0
1722107,172210,2017,0
2100600,210060,2017,0
2101004,210100,2017,0
2101608,210160,2017,0
2102705,210270,2017,0
2103257,210325,2017,0
2103505,210350,2017,0
2103802,210380,2017,0
2104404,210440,2017,0
2105302,210530,2017,0
2105401,210540,2017,0
2105500,210550,2017,0
2105708,210570,2017,1
2105906,210590,2017,0
2105963,210596,2017,0
2106326,210632,2017,0
2106755,210675,2017,0
2107357,210735,2017,0
2107456,210745,2017,0
2107506,210750,2017,0
2107704,210770,2017,0
2108009,210800,2017,0
2109007,210900,2017,0
2109452,210945,2017,0
2110005,211000,2017,0
2110708,211070,2017,0
2111029,211102,2017,0
2111052,211105,2017,0
2111201,211120,2017,0
2111300,211130,2017,1
2111409,211140,2017,0
2112233,211223,2017,0
2112902,211290,2017,0
2113009,211300,2017,1
5100250,510025,2017,1
5100409,510040,2017,0
5100508,510050,2017,0
5101308,510130,2017,0
5101803,510180,2017,0
5101902,510190,2017,0
5102504,510250,2017,0
5102603,510260,2017,0
5102637,510263,2017,0
5102678,510267,2017,0
5102694,510269,2017,0
5102702,510270,2017,1
5103007,510300,2017,0
5103205,510320,2017,0
5103254,510325,2017,0
5103304,510330,2017,0
5103353,510335,2017,0
5103403,510340,2017,1
5103502,510350,2017,0
5103809,510380,2017,0
5103858,510385,2017,0
5104104,510410,2017,0
5104807,510480,2017,0
5105002,510500,2017,0
5105101,510510,2017,0
5105150,510515,2017,0
5105259,510525,2017,0
5105606,510560,2017,0
5106000,510600,2017,0
5106190,510619,2017,0
5106216,510621,2017,0
5106224,510622,2017,0
5106265,510626,2017,0
5106273,510627,2017,0
5106422,510642,2017,0
5106505,510650,2017,0
5106653,510665,2017,0
5106752,510675,2017,0
5106778,510677,2017,0
5107008,510700,2017,0
5107040,510704,2017,0
5107065,510706,2017,0
5107602,510760,2017,0
5107768,510776,2017,0
5107859,510785,2017,0
5107875,510787,2017,0
5107883,510788,2017,0
5107909,510790,2017,2
5107925,510792,2017,0
5107958,510795,2017,0
5108303,510830,2017,0
5108402,510840,2017,0
5108501,510850,2017,0
1100015,110001,2018,0
1100023,110002,2018,0
1100049,110004,2018,0
1100056,110005,2018,0
1100098,110009,2018,0
1100106,110010,2018,0
1100114,110011,2018,0
1100122,110012,2018,0
1100148,110014,2018,0
1100155,110015,2018,0
1100205,110020,2018,0
1100288,110028,2018,0
1100304,110030,2018,0
1100320,110032,2018,0
1100346,110034,2018,0
1100502,110050,2018,0
1100940,110094,2018,1
1101450,110145,2018,0
1101484,110148,2018,0
1101492,110149,2018,0
1200054,120005,2018,0
1200104,120010,2018,0
1200203,120020,2018,0
1200302,120030,2018,2
1200385,120038,2018,0
1200401,120040,2018,1
1300029,130002,2018,0
1300607,130060,2018,0
1301209,130120,2018,0
1301407,130140,2018,0
1301704,130170,2018,1
1301803,130180,2018,0
1301902,130190,2018,0
1302306,130230,2018,0
1302405,130240,2018,0
1302504,130250,2018,0
1302603,130260,2018,0
1302702,130270,2018,0
1303403,130340,2018,0
1303809,130380,2018,0
1303908,130390,2018,0
1304062,130406,2018,1
1304104,130410,2018,1
1304203,130420,2018,0
1400050,140005,2018,0
1400100,140010,2018,0
1500206,150020,2018,0
1500602,150060,2018,0
1500800,150080,2018,0
1501402,150140,2018,0
1501576,150157,2018,0
1502608,150260,2018,0
1503309,150330,2018,1
1503507,150350,2018,0
1503606,150360,2018,0
1504208,150420,2018,0
1504604,150460,2018,0
1504802,150480,2018,0
1505205,150520,2018,0
1505304,150530,2018,0
1506195,150619,2018,0
1507300,150730,2018,0
1507953,150795,2018,0
1508050,150805,2018,0
1508084,150808,2018,0
1508159,150815,2018,0
1508357,150835,2018,0
1600279,160027,2018,0
1600303,160030,2018,0
1600501,160050,2018,0
1600535,160053,2018,0
1600600,160060,2018,0
1700251,170025,2018,0
1702109,170210,2018,0
1702208,170220,2018,0
1703701,170370,2018,0
1703883,170388,2018,0
1705508,170550,2018,0
1707009,170700,2018,0
1707108,170710,2018,0
1707207,170720,2018,0
1707306,170730,2018,0
1709302,170930,2018,0
1709500,170950,2018,0
1710508,171050,2018,0
1713205,171320,2018,0
1716109,171610,2018,0
1716505,171650,2018,0
1716604,171660,2018,0
1717909,171790,2018,0
1718204,171820,2018,1
1718501,171850,2018,0
1718709,171870,2018,0
1720259,172025,2018,0
1720655,172065,2018,0
1721000,172100,2018,1
1721109,172110,2018,0
1721208,172120,2018,0
1722107,172210,2018,0
2100600,210060,2018,0
2101004,210100,2018,0
2101608,210160,2018,0
2102705,210270,2018,0
2103257,210325,2018,0
2103505,210350,2018,0
2103802,210380,2018,0
2104404,210440,2018,0
2105302,210530,2018,0
2105401,210540,2018,0
2105500,210550,2018,0
2105708,210570,2018,0
2105906,210590,2018,0
2105963,210596,2018,0
2106326,210632,2018,1
2106755,210675,2018,0
2107357,210735,2018,0
2107456,210745,2018,0
2107506,210750,2018,1
2107704,210770,2018,0
2108009,210800,2018,0
2109007,210900,2018,0
2109452,210945,2018,0
2110005,211000,2018,0
2110708,211070,2018,0
2111029,211102,2018,0
2111052,211105,2018,0
2111201,211120,2018,0
2111300,211130,2018,1
2111409,211140,2018,0
2112233,211223,2018,0
2112902,211290,2018,0
2113009,211300,2018,0
5100250,510025,2018,0
5100409,510040,2018,0
5100508,510050,2018,0
5101308,510130,2018,0
5101803,510180,2018,0
5101902,510190,2018,0
5102504,510250,2018,0
5102603,510260,2018,0
5102637,510263,2018,0
5102678,510267,2018,1
5102694,510269,2018,0
5102702,510270,2018,0
5103007,510300,2018,0
5103205,510320,2018,0
5103254,510325,2018,0
5103304,510330,2018,0
5103353,510335,2018,0
5103403,510340,2018,0
5103502,510350,2018,0
5103809,510380,2018,0
5103858,510385,2018,0
5104104,510410,2018,0
5104807,510480,2018,0
5105002,510500,2018,0
5105101,510510,2018,0
5105150,510515,2018,0
5105259,510525,2018,0
5105606,510560,2018,0
5106000,510600,2018,0
5106190,510619,2018,0
5106216,510621,2018,0
5106224,510622,2018,1
5106265,510626,2018,0
5106273,510627,2018,0
5106422,510642,2018,0
5106505,510650,2018,1
5106653,510665,2018,0
5106752,510675,2018,0
5106778,510677,2018,0
5107008,510700,2018,0
5107040,510704,2018,0
5107065,510706,2018,0
5107602,510760,2018,0
5107768,510776,2018,0
5107859,510785,2018,0
5107875,510787,2018,0
5107883,510788,2018,1
5107909,510790,2018,0
5107925,510792,2018,0
5107958,510795,2018,0
5108303,510830,2018,0
5108402,510840,2018,0
5108501,510850,2018,0
1100015,110001,2019,0
1100023,110002,2019,0
1100049,110004,2019,0
1100056,110005,2019,0
1100098,110009,2019,0
1100106,110010,2019,0
1100114,110011,2019,0
1100122,110012,2019,0
1100148,110014,2019,0
1100155,110015,2019,0
1100205,110020,2019,0
1100288,110028,2019,0
1100304,110030,2019,0
1100320,110032,2019,0
1100346,110034,2019,0
1100502,110050,2019,0
1100940,110094,2019,0
1101450,110145,2019,0
1101484,110148,2019,0
1101492,110149,2019,0
1200054,120005,2019,0
1200104,120010,2019,0
1200203,120020,2019,2
1200302,120030,2019,0
1200385,120038,2019,1
1200401,120040,2019,1
1300029,130002,2019,0
1300607,130060,2019,0
1301209,130120,2019,0
1301407,130140,2019,0
1301704,130170,2019,0
1301803,130180,2019,0
1301902,130190,2019,0
1302306,130230,2019,0
1302405,130240,2019,0
1302504,130250,2019,0
1302603,130260,2019,0
1302702,130270,2019,0
1303403,130340,2019,0
1303809,130380,2019,0
1303908,130390,2019,0
1304062,130406,2019,0
1304104,130410,2019,0
1304203,130420,2019,0
1400050,140005,2019,0
1400100,140010,2019,1
1500206,150020,2019,0
1500602,150060,2019,0
1500800,150080,2019,0
1501402,150140,2019,0
1501576,150157,2019,0
1502608,150260,2019,0
1503309,150330,2019,0
1503507,150350,2019,0
1503606,150360,2019,0
1504208,150420,2019,0
1504604,150460,2019,0
1504802,150480,2019,0
1505205,150520,2019,0
1505304,150530,2019,0
1506195,150619,2019,0
1507300,150730,2019,0
1507953,150795,2019,0
1508050,150805,2019,0
1508084,150808,2019,0
1508159,150815,2019,0
1508357,150835,2019,0
1600279,160027,2019,0
1600303,160030,2019,1
1600501,160050,2019,0
1600535,160053,2019,0
1600600,160060,2019,0
1700251,170025,2019,0
1702109,170210,2019,1
1702208,170220,2019,0
1703701,170370,2019,0
1703883,170388,2019,0
1705508,170550,2019,1
1707009,170700,2019,0
1707108,170710,2019,0
1707207,170720,2019,0
1707306,170730,2019,0
1709302,170930,2019,0
1709500,170950,2019,1
1710508,171050,2019,1
1713205,171320,2019,1
1716109,171610,2019,1
1716505,171650,2019,1
1716604,171660,2019,0
1717909,171790,2019,0
1718204,171820,2019,0
1718501,171850,2019,0
1718709,171870,2019,0
1720259,172025,2019,0
1720655,172065,2019,0
1721000,172100,2019,2
1721109,172110,2019,1
1721208,172120,2019,0
1722107,172210,2019,0
2100600,210060,2019,0
2101004,210100,2019,0
2101608,210160,2019,0
2102705,210270,2019,0
2103257,210325,2019,0
2103505,210350,2019,1
2103802,210380,2019,0
2104404,210440,2019,0
2105302,210530,2019,1
2105401,210540,2019,0
2105500,210550,2019,0
2105708,210570,2019,0
2105906,210590,2019,0
2105963,210596,2019,1
2106326,210632,2019,0
2106755,210675,2019,0
2107357,210735,2019,0
2107456,210745,2019,0
2107506,210750,2019,1
2107704,210770,2019,0
2108009,210800,2019,0
2109007,210900,2019,0
2109452,210945,2019,0
2110005,211000,2019,0
2110708,211070,2019,0
2111029,211102,2019,0
2111052,211105,2019,0
2111201,211120,2019,0
2111300,211130,2019,1
2111409,211140,2019,0
2112233,211223,2019,0
2112902,211290,2019,0
2113009,211300,2019,0
5100250,510025,2019,0
5100409,510040,2019,0
5100508,510050,2019,0
5101308,510130,2019,0
5101803,510180,2019,0
5101902,510190,2019,0
5102504,510250,2019,0
5102603,510260,2019,0
5102637,510263,2019,0
5102678,510267,2019,0
5102694,510269,2019,0
5102702,510270,2019,0
5103007,510300,2019,0
5103205,510320,2019,0
5103254,510325,2019,0
5103304,510330,2019,0
5103353,510335,2019,1
5103403,510340,2019,0
5103502,510350,2019,0
5103809,510380,2019,0
5103858,510385,2019,0
5104104,510410,2019,0
5104807,510480,2019,0
5105002,510500,2019,0
5105101,510510,2019,0
5105150,510515,2019,0
5105259,510525,2019,0
5105606,510560,2019,0
5106000,510600,2019,0
5106190,510619,2019,0
5106216,510621,2019,0
5106224,510622,2019,0
5106265,510626,2019,0
5106273,510627,2019,0
5106422,510642,2019,0
5106505,510650,2019,0
5106653,510665,2019,0
5106752,510675,2019,0
5106778,510677,2019,0
5107008,510700,2019,0
5107040,510704,2019,1
5107065,510706,2019,0
5107602,510760,2019,0
5107768,510776,2019,0
5107859,510785,2019,1
5107875,510787,2019,0
5107883,510788,2019,0
5107909,510790,2019,2
5107925,510792,2019,0
5107958,510795,2019,0
5108303,510830,2019,0
5108402,510840,2019,0
5108501,510850,2019,0
1100015,110001,2020,0
1100023,110002,2020,0
1100049,110004,2020,0
1100056,110005,2020,0
1100098,110009,2020,0
1100106,110010,2020,0
1100114,110011,2020,0
1100122,110012,2020,0
1100148,110014,2020,0
1100155,110015,2020,0
1100205,110020,2020,2
1100288,110028,2020,0
1100304,110030,2020,1
1100320,110032,2020,0
1100346,110034,2020,0
1100502,110050,2020,0
1100940,110094,2020,0
1101450,110145,2020,0
1101484,110148,2020,0
1101492,110149,2020,0
1200054,120005,2020,0
1200104,120010,2020,0
1200203,120020,2020,4
1200302,120030,2020,0
1200385,120038,2020,0
1200401,120040,2020,0
1300029,130002,2020,0
1300607,130060,2020,0
1301209,130120,2020,0
1301407,130140,2020,0
1301704,130170,2020,0
1301803,130180,2020,0
1301902,130190,2020,0
1302306,130230,2020,2
1302405,130240,2020,1
1302504,130250,2020,1
1302603,130260,2020,0
1302702,130270,2020,0
1303403,130340,2020,0
1303809,130380,2020,3
1303908,130390,2020,0
1304062,130406,2020,0
1304104,130410,2020,0
1304203,130420,2020,0
1400050,140005,2020,0
1400100,140010,2020,1
1500206,150020,2020,0
1500602,150060,2020,0
1500800,150080,2020,0
1501402,150140,2020,0
1501576,150157,2020,1
1502608,150260,2020,0
1503309,150330,2020,0
1503507,150350,2020,0
1503606,150360,2020,0
1504208,150420,2020,0
1504604,150460,2020,0
1504802,150480,2020,0
1505205,150520,2020,0
1505304,150530,2020,0
1506195,150619,2020,0
1507300,150730,2020,0
1507953,150795,2020,0
1508050,150805,2020,0
1508084,150808,2020,0
1508159,150815,2020,1
1508357,150835,2020,0
1600279,160027,2020,0
1600303,160030,2020,0
1600501,160050,2020,0
1600535,160053,2020,0
1600600,160060,2020,0
1700251,170025,2020,0
1702109,170210,2020,0
1702208,170220,2020,0
1703701,170370,2020,0
1703883,170388,2020,0
1705508,170550,2020,0
1707009,170700,2020,0
1707108,170710,2020,0
1707207,170720,2020,0
1707306,170730,2020,0
1709302,170930,2020,0
1709500,170950,2020,0
1710508,171050,2020,0
1713205,171320,2020,0
1716109,171610,2020,0
1716505,171650,2020,0
1716604,171660,2020,0
1717909,171790,2020,0
1718204,171820,2020,0
1718501,171850,2020,0
1718709,171870,2020,0
1720259,172025,2020,0
1720655,172065,2020,0
1721000,172100,2020,0
1721109,172110,2020,0
1721208,172120,2020,0
1722107,172210,2020,0
2100600,210060,2020,0
2101004,210100,2020,0
2101608,210160,2020,0
2102705,210270,2020,0
2103257,210325,2020,0
2103505,210350,2020,0
2103802,210380,2020,0
2104404,210440,2020,0
2105302,210530,2020,0
2105401,210540,2020,0
2105500,210550,2020,0
2105708,210570,2020,0
2105906,210590,2020,0
2105963,210596,2020,0
2106326,210632,2020,0
2106755,210675,2020,0
2107357,210735,2020,0
2107456,210745,2020,0
2107506,210750,2020,0
2107704,210770,2020,0
2108009,210800,2020,0
2109007,210900,2020,0
2109452,210945,2020,0
2110005,211000,2020,0
2110708,211070,2020,1
2111029,211102,2020,0
2111052,211105,2020,0
2111201,211120,2020,0
2111300,211130,2020,1
2111409,211140,2020,1
2112233,211223,2020,1
2112902,211290,2020,0
2113009,211300,2020,0
5100250,510025,2020,0
5100409,510040,2020,0
5100508,510050,2020,0
5101308,510130,2020,0
5101803,510180,2020,0
5101902,510190,2020,1
5102504,510250,2020,1
5102603,510260,2020,0
5102637,510263,2020,1
5102678,510267,2020,0
5102694,510269,2020,0
5102702,510270,2020,0
5103007,510300,2020,2
5103205,510320,2020,0
5103254,510325,2020,0
5103304,510330,2020,0
5103353,510335,2020,0
5103403,510340,2020,0
5103502,510350,2020,0
5103809,510380,2020,0
5103858,510385,2020,0
5104104,510410,2020,0
5104807,510480,2020,0
5105002,510500,2020,0
5105101,510510,2020,0
5105150,510515,2020,0
5105259,510525,2020,1
5105606,510560,2020,0
5106000,510600,2020,0
5106190,510619,2020,0
5106216,510621,2020,0
5106224,510622,2020,0
5106265,510626,2020,2
5106273,510627,2020,0
5106422,510642,2020,1
5106505,510650,2020,0
5106653,510665,2020,0
5106752,510675,2020,0
5106778,510677,2020,0
5107008,510700,2020,0
5107040,510704,2020,1
5107065,510706,2020,0
5107602,510760,2020,2
5107768,510776,2020,0
5107859,510785,2020,0
5107875,510787,2020,0
5107883,510788,2020,0
5107909,510790,2020,3
5107925,510792,2020,1
5107958,510795,2020,0
5108303,510830,2020,1
5108402,510840,2020,0
5108501,510850,2020,1
1100015,110001,2021,0
1100023,110002,2021,0
1100049,110004,2021,0
1100056,110005,2021,0
1100098,110009,2021,0
1100106,110010,2021,0
1100114,110011,2021,0
1100122,110012,2021,0
1100148,110014,2021,0
1100155,110015,2021,0
1100205,110020,2021,1
1100288,110028,2021,1
1100304,110030,2021,0
1100320,110032,2021,0
1100346,110034,2021,0
1100502,110050,2021,0
1100940,110094,2021,0
1101450,110145,2021,0
1101484,110148,2021,0
1101492,110149,2021,0
1200054,120005,2021,0
1200104,120010,2021,1
1200203,120020,2021,3
1200302,120030,2021,0
1200385,120038,2021,0
1200401,120040,2021,0
1300029,130002,2021,0
1300607,130060,2021,0
1301209,130120,2021,0
1301407,130140,2021,1
1301704,130170,2021,0
1301803,130180,2021,0
1301902,130190,2021,0
1302306,130230,2021,0
1302405,130240,2021,0
1302504,130250,2021,0
1302603,130260,2021,5
1302702,130270,2021,0
1303403,130340,2021,0
1303809,130380,2021,0
1303908,130390,2021,0
1304062,130406,2021,0
1304104,130410,2021,1
1304203,130420,2021,2
1400050,140005,2021,1
1400100,140010,2021,0
1500206,150020,2021,1
1500602,150060,2021,0
1500800,150080,2021,0
1501402,150140,2021,0
1501576,150157,2021,0
1502608,150260,2021,0
1503309,150330,2021,0
1503507,150350,2021,0
1503606,150360,2021,1
1504208,150420,2021,0
1504604,150460,2021,0
1504802,150480,2021,0
1505205,150520,2021,0
1505304,150530,2021,0
1506195,150619,2021,0
1507300,150730,2021,0
1507953,150795,2021,0
1508050,150805,2021,0
1508084,150808,2021,0
1508159,150815,2021,0
1508357,150835,2021,0
1600279,160027,2021,0
1600303,160030,2021,0
1600501,160050,2021,0
1600535,160053,2021,0
1600600,160060,2021,0
1700251,170025,2021,0
1702109,170210,2021,0
1702208,170220,2021,0
1703701,170370,2021,0
1703883,170388,2021,0
1705508,170550,2021,0
1707009,170700,2021,0
1707108,170710,2021,0
1707207,170720,2021,0
1707306,170730,2021,0
1709302,170930,2021,0
1709500,170950,2021,1
1710508,171050,2021,0
1713205,171320,2021,0
1716109,171610,2021,0
1716505,171650,2021,0
1716604,171660,2021,0
1717909,171790,2021,0
1718204,171820,2021,1
1718501,171850,2021,0
1718709,171870,2021,1
1720259,172025,2021,0
1720655,172065,2021,1
1721000,172100,2021,2
1721109,172110,2021,0
1721208,172120,2021,0
1722107,172210,2021,0
2100600,210060,2021,0
2101004,210100,2021,0
2101608,210160,2021,0
2102705,210270,2021,0
2103257,210325,2021,0
2103505,210350,2021,0
2103802,210380,2021,0
2104404,210440,2021,0
2105302,210530,2021,0
2105401,210540,2021,0
2105500,210550,2021,0
2105708,210570,2021,0
2105906,210590,2021,0
2105963,210596,2021,0
2106326,210632,2021,0
2106755,210675,2021,0
2107357,210735,2021,0
2107456,210745,2021,0
2107506,210750,2021,0
2107704,210770,2021,1
2108009,210800,2021,0
2109007,210900,2021,0
2109452,210945,2021,0
2110005,211000,2021,0
2110708,211070,2021,0
2111029,211102,2021,0
2111052,211105,2021,0
2111201,211120,2021,0
2111300,211130,2021,0
2111409,211140,2021,0
2112233,211223,2021,0
2112902,211290,2021,0
2113009,211300,2021,0
5100250,510025,2021,0
5100409,510040,2021,0
5100508,510050,2021,0
5101308,510130,2021,0
5101803,510180,2021,1
5101902,510190,2021,0
5102504,510250,2021,0
5102603,510260,2021,1
5102637,510263,2021,0
5102678,510267,2021,0
5102694,510269,2021,0
5102702,510270,2021,0
5103007,510300,2021,0
5103205,510320,2021,2
5103254,510325,2021,0
5103304,510330,2021,0
5103353,510335,2021,0
5103403,510340,2021,0
5103502,510350,2021,0
5103809,510380,2021,0
5103858,510385,2021,0
5104104,510410,2021,0
5104807,510480,2021,0
5105002,510500,2021,1
5105101,510510,2021,1
5105150,510515,2021,0
5105259,510525,2021,0
5105606,510560,2021,1
5106000,510600,2021,0
5106190,510619,2021,0
5106216,510621,2021,1
5106224,510622,2021,0
5106265,510626,2021,0
5106273,510627,2021,0
5106422,510642,2021,0
5106505,510650,2021,0
5106653,510665,2021,0
5106752,510675,2021,0
5106778,510677,2021,1
5107008,510700,2021,0
5107040,510704,2021,0
5107065,510706,2021,0
5107602,510760,2021,1
5107768,510776,2021,0
5107859,510785,2021,0
5107875,510787,2021,0
5107883,510788,2021,0
5107909,510790,2021,2
5107925,510792,2021,0
5107958,510795,2021,0
5108303,510830,2021,0
5108402,510840,2021,1
5108501,510850,2021,0
1100015,110001,2022,0
1100023,110002,2022,0
1100049,110004,2022,5
1100056,110005,2022,0
1100098,110009,2022,0
1100106,110010,2022,1
1100114,110011,2022,2
1100122,110012,2022,1
1100148,110014,2022,3
1100155,110015,2022,0
1100205,110020,2022,2
1100288,110028,2022,0
1100304,110030,2022,0
1100320,110032,2022,1
1100346,110034,2022,1
1100502,110050,2022,0
1100940,110094,2022,0
1101450,110145,2022,0
1101484,110148,2022,0
1101492,110149,2022,1
1200054,120005,2022,1
1200104,120010,2022,0
1200203,120020,2022,1
1200302,120030,2022,0
1200385,120038,2022,0
1200401,120040,2022,0
1300029,130002,2022,0
1300607,130060,2022,3
1301209,130120,2022,0
1301407,130140,2022,0
1301704,130170,2022,1
1301803,130180,2022,1
1301902,130190,2022,0
1302306,130230,2022,0
1302405,130240,2022,0
1302504,130250,2022,0
1302603,130260,2022,3
1302702,130270,2022,0
1303403,130340,2022,0
1303809,130380,2022,0
1303908,130390,2022,1
1304062,130406,2022,0
1304104,130410,2022,3
1304203,130420,2022,0
1400050,140005,2022,0
1400100,140010,2022,1
1500206,150020,2022,0
1500602,150060,2022,0
1500800,150080,2022,0
1501402,150140,2022,1
1501576,150157,2022,0
1502608,150260,2022,0
1503309,150330,2022,0
1503507,150350,2022,0
1503606,150360,2022,0
1504208,150420,2022,0
1504604,150460,2022,0
1504802,150480,2022,0
1505205,150520,2022,0
1505304,150530,2022,0
1506195,150619,2022,0
1507300,150730,2022,1
1507953,150795,2022,0
1508050,150805,2022,1
1508084,150808,2022,2
1508159,150815,2022,0
1508357,150835,2022,0
1600279,160027,2022,0
1600303,160030,2022,0
1600501,160050,2022,0
1600535,160053,2022,0
1600600,160060,2022,0
1700251,170025,2022,0
1702109,170210,2022,0
1702208,170220,2022,0
1703701,170370,2022,0
1703883,170388,2022,1
1705508,170550,2022,0
1707009,170700,2022,0
1707108,170710,2022,0
1707207,170720,2022,1
1707306,170730,2022,1
1709302,170930,2022,0
1709500,170950,2022,1
1710508,171050,2022,0
1713205,171320,2022,0
1716109,171610,2022,0
1716505,171650,2022,1
1716604,171660,2022,0
1717909,171790,2022,0
1718204,171820,2022,1
1718501,171850,2022,1
1718709,171870,2022,0
1720259,172025,2022,0
1720655,172065,2022,0
1721000,172100,2022,0
1721109,172110,2022,0
1721208,172120,2022,1
1722107,172210,2022,0
2100600,210060,2022,0
2101004,210100,2022,2
2101608,210160,2022,0
2102705,210270,2022,0
2103257,210325,2022,1
2103505,210350,2022,0
2103802,210380,2022,1
2104404,210440,2022,0
2105302,210530,2022,1
2105401,210540,2022,0
2105500,210550,2022,0
2105708,210570,2022,0
2105906,210590,2022,0
2105963,210596,2022,0
2106326,210632,2022,0
2106755,210675,2022,0
2107357,210735,2022,0
2107456,210745,2022,0
2107506,210750,2022,0
2107704,210770,2022,0
2108009,210800,2022,0
2109007,210900,2022,2
2109452,210945,2022,1
2110005,211000,2022,0
2110708,211070,2022,0
2111029,211102,2022,0
2111052,211105,2022,0
2111201,211120,2022,0
2111300,211130,2022,4
2111409,211140,2022,0
2112233,211223,2022,0
2112902,211290,2022,0
2113009,211300,2022,0
5100250,510025,2022,0
5100409,510040,2022,0
5100508,510050,2022,0
5101308,510130,2022,1
5101803,510180,2022,0
5101902,510190,2022,0
5102504,510250,2022,0
5102603,510260,2022,0
5102637,510263,2022,1
5102678,510267,2022,0
5102694,510269,2022,0
5102702,510270,2022,1
5103007,510300,2022,1
5103205,510320,2022,0
5103254,510325,2022,0
5103304,510330,2022,0
5103353,510335,2022,0
5103403,510340,2022,1
5103502,510350,2022,0
5103809,510380,2022,0
5103858,510385,2022,0
5104104,510410,2022,0
5104807,510480,2022,0
5105002,510500,2022,0
5105101,510510,2022,2
5105150,510515,2022,0
5105259,510525,2022,2
5105606,510560,2022,0
5106000,510600,2022,0
5106190,510619,2022,0
5106216,510621,2022,0
5106224,510622,2022,1
5106265,510626,2022,0
5106273,510627,2022,0
5106422,510642,2022,1
5106505,510650,2022,0
5106653,510665,2022,0
5106752,510675,2022,2
5106778,510677,2022,0
5107008,510700,2022,0
5107040,510704,2022,0
5107065,510706,2022,1
5107602,510760,2022,0
5107768,510776,2022,0
5107859,510785,2022,0
5107875,510787,2022,0
5107883,510788,2022,0
5107909,510790,2022,2
5107925,510792,2022,2
5107958,510795,2022,1
5108303,510830,2022,0
5108402,510840,2022,0
5108501,510850,2022,0
1100015,110001,2023,1
1100023,110002,2023,0
1100049,110004,2023,0
1100056,110005,2023,1
1100098,110009,2023,0
1100106,110010,2023,0
1100114,110011,2023,1
1100122,110012,2023,0
1100148,110014,2023,0
1100155,110015,2023,1
1100205,110020,2023,2
1100288,110028,2023,0
1100304,110030,2023,0
1100320,110032,2023,0
1100346,110034,2023,0
1100502,110050,2023,0
1100940,110094,2023,0
1101450,110145,2023,0
1101484,110148,2023,1
1101492,110149,2023,0
1200054,120005,2023,0
1200104,120010,2023,0
1200203,120020,2023,1
1200302,120030,2023,0
1200385,120038,2023,0
1200401,120040,2023,0
1300029,130002,2023,1
1300607,130060,2023,0
1301209,130120,2023,2
1301407,130140,2023,0
1301704,130170,2023,1
1301803,130180,2023,0
1301902,130190,2023,0
1302306,130230,2023,3
1302405,130240,2023,0
1302504,130250,2023,0
1302603,130260,2023,3
1302702,130270,2023,0
1303403,130340,2023,0
1303809,130380,2023,0
1303908,130390,2023,0
1304062,130406,2023,0
1304104,130410,2023,0
1304203,130420,2023,3
1400050,140005,2023,0
1400100,140010,2023,0
1500206,150020,2023,0
1500602,150060,2023,0
1500800,150080,2023,0
1501402,150140,2023,0
1501576,150157,2023,0
1502608,150260,2023,0
1503309,150330,2023,0
1503507,150350,2023,0
1503606,150360,2023,0
1504208,150420,2023,0
1504604,150460,2023,0
1504802,150480,2023,0
1505205,150520,2023,1
1505304,150530,2023,0
1506195,150619,2023,0
1507300,150730,2023,0
1507953,150795,2023,0
1508050,150805,2023,0
1508084,150808,2023,0
1508159,150815,2023,0
1508357,150835,2023,0
1600279,160027,2023,0
1600303,160030,2023,0
1600501,160050,2023,0
1600535,160053,2023,0
1600600,160060,2023,0
1700251,170025,2023,0
1702109,170210,2023,0
1702208,170220,2023,0
1703701,170370,2023,0
1703883,170388,2023,0
1705508,170550,2023,0
1707009,170700,2023,1
1707108,170710,2023,0
1707207,170720,2023,0
1707306,170730,2023,0
1709302,170930,2023,0
1709500,170950,2023,0
1710508,171050,2023,0
1713205,171320,2023,0
1716109,171610,2023,0
1716505,171650,2023,0
1716604,171660,2023,0
1717909,171790,2023,0
1718204,171820,2023,0
1718501,171850,2023,0
1718709,171870,2023,0
1720259,172025,2023,0
1720655,172065,2023,0
1721000,172100,2023,2
1721109,172110,2023,0
1721208,172120,2023,0
1722107,172210,2023,1
2100600,210060,2023,1
2101004,210100,2023,0
2101608,210160,2023,0
2102705,210270,2023,1
2103257,210325,2023,0
2103505,210350,2023,0
2103802,210380,2023,0
2104404,210440,2023,1
2105302,210530,2023,0
2105401,210540,2023,1
2105500,210550,2023,0
2105708,210570,2023,0
2105906,210590,2023,0
2105963,210596,2023,0
2106326,210632,2023,0
2106755,210675,2023,0
2107357,210735,2023,0
2107456,210745,2023,0
2107506,210750,2023,0
2107704,210770,2023,0
2108009,210800,2023,0
2109007,210900,2023,0
2109452,210945,2023,0
2110005,211000,2023,1
2110708,211070,2023,0
2111029,211102,2023,0
2111052,211105,2023,1
2111201,211120,2023,1
2111300,211130,2023,2
2111409,211140,2023,0
2112233,211223,2023,0
2112902,211290,2023,0
2113009,211300,2023,0
5100250,510025,2023,0
5100409,510040,2023,0
5100508,510050,2023,0
5101308,510130,2023,0
5101803,510180,2023,0
5101902,510190,2023,0
5102504,510250,2023,0
5102603,510260,2023,0
5102637,510263,2023,0
5102678,510267,2023,1
5102694,510269,2023,1
5102702,510270,2023,0
5103007,510300,2023,0
5103205,510320,2023,2
5103254,510325,2023,1
5103304,510330,2023,0
5103353,510335,2023,0
5103403,510340,2023,0
5103502,510350,2023,1
5103809,510380,2023,1
5103858,510385,2023,1
5104104,510410,2023,1
5104807,510480,2023,0
5105002,510500,2023,0
5105101,510510,2023,0
5105150,510515,2023,1
5105259,510525,2023,0
5105606,510560,2023,0
5106000,510600,2023,0
5106190,510619,2023,1
5106216,510621,2023,0
5106224,510622,2023,0
5106265,510626,2023,0
5106273,510627,2023,1
5106422,510642,2023,0
5106505,510650,2023,0
5106653,510665,2023,1
5106752,510675,2023,0
5106778,510677,2023,0
5107008,510700,2023,2
5107040,510704,2023,2
5107065,510706,2023,0
5107602,510760,2023,2
5107768,510776,2023,0
5107859,510785,2023,0
5107875,510787,2023,1
5107883,510788,2023,0
5107909,510790,2023,1
5107925,510792,2023,0
5107958,510795,2023,0
5108303,510830,2023,0
5108402,510840,2023,1
5108501,510850,2023,0
1100015,110001,2024,0
1100023,110002,2024,1
1100049,110004,2024,0
1100056,110005,2024,0
1100098,110009,2024,1
1100106,110010,2024,0
1100114,110011,2024,0
1100122,110012,2024,0
1100148,110014,2024,0
1100155,110015,2024,0
1100205,110020,2024,1
1100288,110028,2024,0
1100304,110030,2024,0
1100320,110032,2024,0
1100346,110034,2024,0
1100502,110050,2024,0
1100940,110094,2024,0
1101450,110145,2024,0
1101484,110148,2024,0
1101492,110149,2024,1
1200054,120005,2024,0
1200104,120010,2024,0
1200203,120020,2024,0
1200302,120030,2024,0
1200385,120038,2024,0
1200401,120040,2024,0
1300029,130002,2024,0
1300607,130060,2024,0
1301209,130120,2024,0
1301407,130140,2024,0
1301704,130170,2024,0
1301803,130180,2024,0
1301902,130190,2024,0
1302306,130230,2024,0
1302405,130240,2024,3
1302504,130250,2024,0
1302603,130260,2024,2
1302702,130270,2024,0
1303403,130340,2024,0
1303809,130380,2024,0
1303908,130390,2024,0
1304062,130406,2024,0
1304104,130410,2024,0
1304203,130420,2024,0
1400050,140005,2024,0
1400100,140010,2024,0
1500206,150020,2024,0
1500602,150060,2024,1
1500800,150080,2024,0
1501402,150140,2024,4
1501576,150157,2024,0
1502608,150260,2024,1
1503309,150330,2024,0
1503507,150350,2024,0
1503606,150360,2024,0
1504208,150420,2024,1
1504604,150460,2024,1
1504802,150480,2024,1
1505205,150520,2024,0
1505304,150530,2024,0
1506195,150619,2024,0
1507300,150730,2024,0
1507953,150795,2024,0
1508050,150805,2024,0
1508084,150808,2024,0
1508159,150815,2024,0
1508357,150835,2024,0
1600279,160027,2024,0
1600303,160030,2024,8
1600501,160050,2024,2
1600535,160053,2024,1
1600600,160060,2024,1
1700251,170025,2024,0
1702109,170210,2024,0
1702208,170220,2024,0
1703701,170370,2024,1
1703883,170388,2024,0
1705508,170550,2024,0
1707009,170700,2024,0
1707108,170710,2024,0
1707207,170720,2024,0
1707306,170730,2024,0
1709302,170930,2024,0
1709500,170950,2024,0
1710508,171050,2024,0
1713205,171320,2024,0
1716109,171610,2024,0
1716505,171650,2024,0
1716604,171660,2024,1
1717909,171790,2024,0
1718204,171820,2024,0
1718501,171850,2024,0
1718709,171870,2024,0
1720259,172025,2024,1
1720655,172065,2024,0
1721000,172100,2024,0
1721109,172110,2024,0
1721208,172120,2024,0
1722107,172210,2024,0
2100600,210060,2024,0
2101004,210100,2024,0
2101608,210160,2024,0
2102705,210270,2024,0
2103257,210325,2024,0
2103505,210350,2024,0
2103802,210380,2024,0
2104404,210440,2024,0
2105302,210530,2024,0
2105401,210540,2024,0
2105500,210550,2024,0
2105708,210570,2024,0
2105906,210590,2024,1
2105963,210596,2024,0
2106326,210632,2024,0
2106755,210675,2024,0
2107357,210735,2024,0
2107456,210745,2024,0
2107506,210750,2024,0
2107704,210770,2024,0
2108009,210800,2024,0
2109007,210900,2024,0
2109452,210945,2024,0
2110005,211000,2024,0
2110708,211070,2024,0
2111029,211102,2024,0
2111052,211105,2024,0
2111201,211120,2024,0
2111300,211130,2024,3
2111409,211140,2024,0
2112233,211223,2024,0
2112902,211290,2024,0
2113009,211300,2024,0
5100250,510025,2024,0
5100409,510040,2024,1
5100508,510050,2024,0
5101308,510130,2024,0
5101803,510180,2024,0
5101902,510190,2024,0
5102504,510250,2024,0
5102603,510260,2024,1
5102637,510263,2024,0
5102678,510267,2024,2
5102694,510269,2024,0
5102702,510270,2024,0
5103007,510300,2024,0
5103205,510320,2024,0
5103254,510325,2024,0
5103304,510330,2024,1
5103353,510335,2024,0
5103403,510340,2024,4
5103502,510350,2024,0
5103809,510380,2024,0
5103858,510385,2024,0
5104104,510410,2024,0
5104807,510480,2024,1
5105002,510500,2024,0
5105101,510510,2024,0
5105150,510515,2024,1
5105259,510525,2024,1
5105606,510560,2024,0
5106000,510600,2024,0
5106190,510619,2024,0
5106216,510621,2024,0
5106224,510622,2024,2
5106265,510626,2024,0
5106273,510627,2024,0
5106422,510642,2024,1
5106505,510650,2024,0
5106653,510665,2024,0
5106752,510675,2024,0
5106778,510677,2024,0
5107008,510700,2024,0
5107040,510704,2024,2
5107065,510706,2024,0
5107602,510760,2024,0
5107768,510776,2024,1
5107859,510785,2024,0
5107875,510787,2024,0
5107883,510788,2024,0
5107909,510790,2024,1
5107925,510792,2024,0
5107958,510795,2024,3
5108303,510830,2024,0
5108402,510840,2024,0
5108501,510850,2024,0
1100015,110001,2007,0
1100023,110002,2007,0
1100049,110004,2007,0
1100056,110005,2007,0
1100064,110006,2007,0
1100106,110010,2007,0
1100114,110011,2007,0
1100122,110012,2007,0
1100148,110014,2007,0
1100155,110015,2007,0
1100189,110018,2007,0
1100205,110020,2007,0
1100254,110025,2007,0
1100288,110028,2007,0
1100304,110030,2007,0
1100346,110034,2007,0
1100924,110092,2007,0
1101104,110110,2007,0
1101203,110120,2007,0
1101302,110130,2007,0
1101401,110140,2007,0
1200401,120040,2007,0
1301852,130185,2007,0
1301902,130190,2007,0
1302504,130250,2007,0
1302603,130260,2007,5
1302900,130290,2007,0
1303106,130310,2007,0
1303205,130320,2007,0
1304062,130406,2007,0
1304203,130420,2007,0
1400100,140010,2007,0
1400175,140017,2007,0
1400472,140047,2007,0
1400704,140070,2007,0
1500107,150010,2007,0
1500602,150060,2007,0
1500800,150080,2007,0
1501303,150130,2007,3
1501402,150140,2007,7
1501451,150145,2007,0
1501576,150157,2007,0
1501709,150170,2007,0
1501808,150180,2007,0
1502301,150230,2007,1
1502707,150270,2007,1
1503044,150304,2007,0
1503705,150370,2007,1
1503804,150380,2007,0
1504208,150420,2007,0
1504422,150442,2007,0
1504455,150445,2007,0
1505031,150503,2007,1
1505064,150506,2007,0
1505304,150530,2007,0
1505437,150543,2007,0
1505486,150548,2007,0
1505502,150550,2007,0
1505536,150553,2007,4
1506138,150613,2007,4
1506161,150616,2007,1
1506187,150618,2007,1
1506195,150619,2007,0
1506203,150620,2007,1
1506500,150650,2007,0
1506559,150655,2007,1
1506583,150658,2007,0
1506708,150670,2007,0
1506807,150680,2007,0
1507300,150730,2007,0
1507458,150745,2007,1
1507904,150790,2007,0
1507953,150795,2007,0
1508050,150805,2007,1
1508084,150808,2007,2
1508159,150815,2007,0
1508407,150840,2007,0
1600303,160030,2007,5
1702109,170210,2007,0
1702307,170230,2007,0
1702554,170255,2007,1
1705607,170560,2007,1
1707207,170720,2007,0
1709500,170950,2007,0
1713205,171320,2007,0
1713304,171330,2007,0
1714203,171420,2007,2
1716109,171610,2007,0
1716208,171620,2007,1
1718204,171820,2007,1
1720200,172020,2007,0
1721000,172100,2007,1
1722081,172208,2007,0
2100055,210005,2007,0
2101103,210110,2007,1
2101251,210125,2007,2
2101301,210130,2007,1
2102325,210232,2007,1
2102705,210270,2007,1
2103125,210312,2007,0
2104057,210405,2007,0
2104073,210407,2007,0
2104651,210465,2007,1
2105302,210530,2007,0
2105401,210540,2007,0
2107506,210750,2007,1
2107704,210770,2007,0
2108207,210820,2007,1
2108454,210845,2007,0
2108504,210850,2007,1
2109007,210900,2007,0
2109106,210910,2007,0
2109452,210945,2007,0
2109908,210990,2007,0
2110203,211020,2007,0
2111201,211120,2007,3
2111300,211130,2007,24
2112704,211270,2007,0
2112803,211280,2007,1
5100201,510020,2007,0
5100250,510025,2007,0
5101407,510140,2007,0
5101803,510180,2007,0
5101852,510185,2007,0
5102504,510250,2007,0
5102637,510263,2007,0
5102678,510267,2007,0
5102702,510270,2007,0
5102793,510279,2007,2
5103056,510305,2007,0
5103205,510320,2007,0
5103254,510325,2007,0
5103403,510340,2007,1
5103437,510343,2007,0
5103452,510345,2007,0
5103502,510350,2007,0
5103908,510390,2007,0
5103957,510395,2007,0
5104104,510410,2007,0
5104807,510480,2007,0
5105002,510500,2007,0
5105101,510510,2007,0
5105259,510525,2007,0
5105622,510562,2007,0
5106000,510600,2007,0
5106158,510615,2007,1
5106224,510622,2007,0
5106299,510629,2007,1
5106372,510637,2007,0
5106422,510642,2007,0
5106653,510665,2007,0
5106703,510670,2007,0
5106752,510675,2007,1
5107040,510704,2007,2
5107107,510710,2007,0
5107305,510730,2007,0
5107602,510760,2007,0
5107701,510770,2007,0
5107875,510787,2007,0
5107909,510790,2007,1
5107925,510792,2007,0
5107958,510795,2007,0
5108006,510800,2007,0
5108055,510805,2007,0
5108204,510820,2007,0
5108402,510840,2007,0
5108501,510850,2007,0
1100015,110001,2008,0
1100023,110002,2008,0
1100049,110004,2008,1
1100056,110005,2008,0
1100064,110006,2008,0
1100106,110010,2008,0
1100114,110011,2008,0
1100122,110012,2008,0
1100148,110014,2008,0
1100155,110015,2008,0
1100189,110018,2008,0
1100205,110020,2008,2
1100254,110025,2008,0
1100288,110028,2008,0
1100304,110030,2008,2
1100346,110034,2008,0
1100924,110092,2008,0
1101104,110110,2008,0
1101203,110120,2008,0
1101302,110130,2008,0
1101401,110140,2008,0
1200401,120040,2008,0
1301852,130185,2008,0
1301902,130190,2008,0
1302504,130250,2008,0
1302603,130260,2008,9
1302900,130290,2008,1
1303106,130310,2008,0
1303205,130320,2008,0
1304062,130406,2008,0
1304203,130420,2008,0
1400100,140010,2008,2
1400175,140017,2008,1
1400472,140047,2008,1
1400704,140070,2008,0
1500107,150010,2008,0
1500602,150060,2008,0
1500800,150080,2008,1
1501303,150130,2008,0
1501402,150140,2008,0
1501451,150145,2008,0
1501576,150157,2008,0
1501709,150170,2008,0
1501808,150180,2008,1
1502301,150230,2008,0
1502707,150270,2008,3
1503044,150304,2008,0
1503705,150370,2008,0
1503804,150380,2008,0
1504208,150420,2008,3
1504422,150442,2008,0
1504455,150445,2008,0
1505031,150503,2008,0
1505064,150506,2008,0
1505304,150530,2008,1
1505437,150543,2008,0
1505486,150548,2008,0
1505502,150550,2008,1
1505536,150553,2008,1
1506138,150613,2008,1
1506161,150616,2008,0
1506187,150618,2008,0
1506195,150619,2008,1
1506203,150620,2008,0
1506500,150650,2008,0
1506559,150655,2008,0
1506583,150658,2008,1
1506708,150670,2008,0
1506807,150680,2008,2
1507300,150730,2008,0
1507458,150745,2008,0
1507904,150790,2008,0
1507953,150795,2008,0
1508050,150805,2008,0
1508084,150808,2008,0
1508159,150815,2008,0
1508407,150840,2008,10
1600303,160030,2008,0
1702109,170210,2008,1
1702307,170230,2008,0
1702554,170255,2008,0
1705607,170560,2008,0
1707207,170720,2008,0
1709500,170950,2008,1
1713205,171320,2008,0
1713304,171330,2008,1
1714203,171420,2008,0
1716109,171610,2008,0
1716208,171620,2008,0
1718204,171820,2008,0
1720200,172020,2008,1
1721000,172100,2008,0
1722081,172208,2008,2
2100055,210005,2008,1
2101103,210110,2008,0
2101251,210125,2008,0
2101301,210130,2008,0
2102325,210232,2008,0
2102705,210270,2008,0
2103125,210312,2008,1
2104057,210405,2008,1
2104073,210407,2008,0
2104651,210465,2008,0
2105302,210530,2008,2
2105401,210540,2008,0
2107506,210750,2008,1
2107704,210770,2008,0
2108207,210820,2008,0
2108454,210845,2008,0
2108504,210850,2008,0
2109007,210900,2008,2
2109106,210910,2008,0
2109452,210945,2008,1
2109908,210990,2008,0
2110203,211020,2008,0
2111201,211120,2008,0
2111300,211130,2008,5
2112704,211270,2008,0
2112803,211280,2008,0
5100201,510020,2008,0
5100250,510025,2008,0
5101407,510140,2008,0
5101803,510180,2008,0
5101852,510185,2008,0
5102504,510250,2008,0
5102637,510263,2008,0
5102678,510267,2008,0
5102702,510270,2008,0
5102793,510279,2008,0
5103056,510305,2008,0
5103205,510320,2008,0
5103254,510325,2008,0
5103403,510340,2008,0
5103437,510343,2008,0
5103452,510345,2008,0
5103502,510350,2008,0
5103908,510390,2008,0
5103957,510395,2008,0
5104104,510410,2008,0
5104807,510480,2008,0
5105002,510500,2008,0
5105101,510510,2008,0
5105259,510525,2008,0
5105622,510562,2008,0
5106000,510600,2008,0
5106158,510615,2008,0
5106224,510622,2008,0
5106299,510629,2008,0
5106372,510637,2008,0
5106422,510642,2008,0
5106653,510665,2008,0
5106703,510670,2008,0
5106752,510675,2008,0
5107040,510704,2008,0
5107107,510710,2008,0
5107305,510730,2008,0
5107602,510760,2008,0
5107701,510770,2008,0
5107875,510787,2008,0
5107909,510790,2008,0
5107925,510792,2008,0
5107958,510795,2008,0
5108006,510800,2008,0
5108055,510805,2008,0
5108204,510820,2008,0
5108402,510840,2008,0
5108501,510850,2008,0
1100015,110001,2009,1
1100023,110002,2009,2
1100049,110004,2009,6
1100056,110005,2009,0
1100064,110006,2009,0
1100106,110010,2009,0
1100114,110011,2009,4
1100122,110012,2009,1
1100148,110014,2009,1
1100155,110015,2009,3
1100189,110018,2009,0
1100205,110020,2009,1
1100254,110025,2009,0
1100288,110028,2009,0
1100304,110030,2009,0
1100346,110034,2009,0
1100924,110092,2009,0
1101104,110110,2009,0
1101203,110120,2009,0
1101302,110130,2009,0
1101401,110140,2009,0
1200401,120040,2009,5
1301852,130185,2009,0
1301902,130190,2009,0
1302504,130250,2009,0
1302603,130260,2009,3
1302900,130290,2009,0
1303106,130310,2009,0
1303205,130320,2009,0
1304062,130406,2009,0
1304203,130420,2009,0
1400100,140010,2009,2
1400175,140017,2009,0
1400472,140047,2009,1
1400704,140070,2009,0
1500107,150010,2009,0
1500602,150060,2009,0
1500800,150080,2009,0
1501303,150130,2009,0
1501402,150140,2009,7
1501451,150145,2009,1
1501576,150157,2009,0
1501709,150170,2009,0
1501808,150180,2009,0
1502301,150230,2009,0
1502707,150270,2009,1
1503044,150304,2009,1
1503705,150370,2009,0
1503804,150380,2009,1
1504208,150420,2009,0
1504422,150442,2009,0
1504455,150445,2009,0
1505031,150503,2009,0
1505064,150506,2009,1
1505304,150530,2009,0
1505437,150543,2009,0
1505486,150548,2009,0
1505502,150550,2009,1
1505536,150553,2009,0
1506138,150613,2009,0
1506161,150616,2009,0
1506187,150618,2009,0
1506195,150619,2009,0
1506203,150620,2009,0
1506500,150650,2009,0
1506559,150655,2009,0
1506583,150658,2009,0
1506708,150670,2009,0
1506807,150680,2009,0
1507300,150730,2009,0
1507458,150745,2009,0
1507904,150790,2009,0
1507953,150795,2009,0
1508050,150805,2009,0
1508084,150808,2009,2
1508159,150815,2009,0
1508407,150840,2009,0
1600303,160030,2009,0
1702109,170210,2009,0
1702307,170230,2009,0
1702554,170255,2009,0
1705607,170560,2009,0
1707207,170720,2009,0
1709500,170950,2009,0
1713205,171320,2009,0
1713304,171330,2009,0
1714203,171420,2009,0
1716109,171610,2009,0
1716208,171620,2009,0
1718204,171820,2009,0
1720200,172020,2009,0
1721000,172100,2009,0
1722081,172208,2009,0
2100055,210005,2009,0
2101103,210110,2009,0
2101251,210125,2009,0
2101301,210130,2009,0
2102325,210232,2009,0
2102705,210270,2009,0
2103125,210312,2009,0
2104057,210405,2009,0
2104073,210407,2009,0
2104651,210465,2009,0
2105302,210530,2009,0
2105401,210540,2009,0
2107506,210750,2009,1
2107704,210770,2009,0
2108207,210820,2009,0
2108454,210845,2009,1
2108504,210850,2009,0
2109007,210900,2009,1
2109106,210910,2009,0
2109452,210945,2009,0
2109908,210990,2009,0
2110203,211020,2009,0
2111201,211120,2009,1
2111300,211130,2009,1
2112704,211270,2009,0
2112803,211280,2009,0
5100201,510020,2009,1
5100250,510025,2009,1
5101407,510140,2009,2
5101803,510180,2009,3
5101852,510185,2009,0
5102504,510250,2009,6
5102637,510263,2009,0
5102678,510267,2009,0
5102702,510270,2009,0
5102793,510279,2009,0
5103056,510305,2009,0
5103205,510320,2009,0
5103254,510325,2009,0
5103403,510340,2009,14
5103437,510343,2009,0
5103452,510345,2009,1
5103502,510350,2009,2
5103908,510390,2009,0
5103957,510395,2009,0
5104104,510410,2009,0
5104807,510480,2009,1
5105002,510500,2009,1
5105101,510510,2009,1
5105259,510525,2009,0
5105622,510562,2009,1
5106000,510600,2009,1
5106158,510615,2009,0
5106224,510622,2009,1
5106299,510629,2009,0
5106372,510637,2009,0
5106422,510642,2009,0
5106653,510665,2009,0
5106703,510670,2009,0
5106752,510675,2009,0
5107040,510704,2009,0
5107107,510710,2009,0
5107305,510730,2009,0
5107602,510760,2009,2
5107701,510770,2009,1
5107875,510787,2009,0
5107909,510790,2009,10
5107925,510792,2009,0
5107958,510795,2009,2
5108006,510800,2009,0
5108055,510805,2009,0
5108204,510820,2009,0
5108402,510840,2009,9
5108501,510850,2009,0
1100015,110001,2010,0
1100023,110002,2010,0
1100049,110004,2010,4
1100056,110005,2010,1
1100064,110006,2010,1
1100106,110010,2010,2
1100114,110011,2010,1
1100122,110012,2010,2
1100148,110014,2010,0
1100155,110015,2010,0
1100189,110018,2010,1
1100205,110020,2010,3
1100254,110025,2010,2
1100288,110028,2010,2
1100304,110030,2010,2
1100346,110034,2010,0
1100924,110092,2010,0
1101104,110110,2010,1
1101203,110120,2010,0
1101302,110130,2010,1
1101401,110140,2010,0
1200401,120040,2010,9
1301852,130185,2010,0
1301902,130190,2010,0
1302504,130250,2010,1
1302603,130260,2010,5
1302900,130290,2010,0
1303106,130310,2010,0
1303205,130320,2010,0
1304062,130406,2010,0
1304203,130420,2010,0
1400100,140010,2010,4
1400175,140017,2010,0
1400472,140047,2010,1
1400704,140070,2010,1
1500107,150010,2010,0
1500602,150060,2010,0
1500800,150080,2010,3
1501303,150130,2010,0
1501402,150140,2010,12
1501451,150145,2010,0
1501576,150157,2010,0
1501709,150170,2010,1
1501808,150180,2010,0
1502301,150230,2010,0
1502707,150270,2010,0
1503044,150304,2010,0
1503705,150370,2010,0
1503804,150380,2010,0
1504208,150420,2010,0
1504422,150442,2010,1
1504455,150445,2010,0
1505031,150503,2010,0
1505064,150506,2010,0
1505304,150530,2010,0
1505437,150543,2010,1
1505486,150548,2010,0
1505502,150550,2010,0
1505536,150553,2010,0
1506138,150613,2010,0
1506161,150616,2010,0
1506187,150618,2010,0
1506195,150619,2010,0
1506203,150620,2010,0
1506500,150650,2010,0
1506559,150655,2010,0
1506583,150658,2010,0
1506708,150670,2010,1
1506807,150680,2010,0
1507300,150730,2010,0
1507458,150745,2010,0
1507904,150790,2010,0
1507953,150795,2010,0
1508050,150805,2010,0
1508084,150808,2010,0
1508159,150815,2010,2
1508407,150840,2010,0
1600303,160030,2010,3
1702109,170210,2010,1
1702307,170230,2010,0
1702554,170255,2010,0
1705607,170560,2010,0
1707207,170720,2010,0
1709500,170950,2010,1
1713205,171320,2010,0
1713304,171330,2010,0
1714203,171420,2010,0
1716109,171610,2010,0
1716208,171620,2010,0
1718204,171820,2010,1
1720200,172020,2010,0
1721000,172100,2010,2
1722081,172208,2010,0
2100055,210005,2010,0
2101103,210110,2010,0
2101251,210125,2010,0
2101301,210130,2010,0
2102325,210232,2010,0
2102705,210270,2010,0
2103125,210312,2010,0
2104057,210405,2010,0
2104073,210407,2010,0
2104651,210465,2010,0
2105302,210530,2010,0
2105401,210540,2010,0
2107506,210750,2010,0
2107704,210770,2010,0
2108207,210820,2010,0
2108454,210845,2010,0
2108504,210850,2010,0
2109007,210900,2010,0
2109106,210910,2010,0
2109452,210945,2010,0
2109908,210990,2010,0
2110203,211020,2010,0
2111201,211120,2010,0
2111300,211130,2010,3
2112704,211270,2010,0
2112803,211280,2010,0
5100201,510020,2010,2
5100250,510025,2010,0
5101407,510140,2010,0
5101803,510180,2010,2
5101852,510185,2010,1
5102504,510250,2010,0
5102637,510263,2010,1
5102678,510267,2010,1
5102702,510270,2010,1
5102793,510279,2010,0
5103056,510305,2010,0
5103205,510320,2010,2
5103254,510325,2010,1
5103403,510340,2010,4
5103437,510343,2010,1
5103452,510345,2010,0
5103502,510350,2010,2
5103908,510390,2010,0
5103957,510395,2010,1
5104104,510410,2010,1
5104807,510480,2010,0
5105002,510500,2010,0
5105101,510510,2010,0
5105259,510525,2010,0
5105622,510562,2010,0
5106000,510600,2010,0
5106158,510615,2010,0
5106224,510622,2010,0
5106299,510629,2010,0
5106372,510637,2010,0
5106422,510642,2010,1
5106653,510665,2010,0
5106703,510670,2010,1
5106752,510675,2010,1
5107040,510704,2010,5
5107107,510710,2010,1
5107305,510730,2010,1
5107602,510760,2010,7
5107701,510770,2010,0
5107875,510787,2010,1
5107909,510790,2010,7
5107925,510792,2010,1
5107958,510795,2010,1
5108006,510800,2010,2
5108055,510805,2010,1
5108204,510820,2010,1
5108402,510840,2010,6
5108501,510850,2010,0
1100015,110001,2011,0
1100023,110002,2011,0
1100049,110004,2011,0
1100056,110005,2011,0
1100064,110006,2011,0
1100106,110010,2011,0
1100114,110011,2011,0
1100122,110012,2011,1
1100148,110014,2011,0
1100155,110015,2011,0
1100189,110018,2011,0
1100205,110020,2011,0
1100254,110025,2011,0
1100288,110028,2011,0
1100304,110030,2011,0
1100346,110034,2011,1
1100924,110092,2011,0
1101104,110110,2011,0
1101203,110120,2011,0
1101302,110130,2011,0
1101401,110140,2011,1
1200401,120040,2011,2
1301852,130185,2011,1
1301902,130190,2011,1
1302504,130250,2011,2
1302603,130260,2011,14
1302900,130290,2011,0
1303106,130310,2011,1
1303205,130320,2011,1
1304062,130406,2011,1
1304203,130420,2011,2
1400100,140010,2011,1
1400175,140017,2011,0
1400472,140047,2011,0
1400704,140070,2011,0
1500107,150010,2011,1
1500602,150060,2011,3
1500800,150080,2011,0
1501303,150130,2011,0
1501402,150140,2011,6
1501451,150145,2011,0
1501576,150157,2011,1
1501709,150170,2011,0
1501808,150180,2011,0
1502301,150230,2011,0
1502707,150270,2011,0
1503044,150304,2011,0
1503705,150370,2011,0
1503804,150380,2011,0
1504208,150420,2011,0
1504422,150442,2011,1
1504455,150445,2011,0
1505031,150503,2011,0
1505064,150506,2011,0
1505304,150530,2011,2
1505437,150543,2011,0
1505486,150548,2011,1
1505502,150550,2011,0
1505536,150553,2011,1
1506138,150613,2011,0
1506161,150616,2011,0
1506187,150618,2011,0
1506195,150619,2011,0
1506203,150620,2011,0
1506500,150650,2011,1
1506559,150655,2011,0
1506583,150658,2011,1
1506708,150670,2011,0
1506807,150680,2011,1
1507300,150730,2011,0
1507458,150745,2011,0
1507904,150790,2011,1
1507953,150795,2011,1
1508050,150805,2011,0
1508084,150808,2011,0
1508159,150815,2011,0
1508407,150840,2011,1
1600303,160030,2011,1
1702109,170210,2011,0
1702307,170230,2011,0
1702554,170255,2011,0
1705607,170560,2011,0
1707207,170720,2011,0
1709500,170950,2011,2
1713205,171320,2011,0
1713304,171330,2011,0
1714203,171420,2011,0
1716109,171610,2011,0
1716208,171620,2011,0
1718204,171820,2011,0
1720200,172020,2011,0
1721000,172100,2011,3
1722081,172208,2011,0
2100055,210005,2011,0
2101103,210110,2011,0
2101251,210125,2011,0
2101301,210130,2011,0
2102325,210232,2011,0
2102705,210270,2011,0
2103125,210312,2011,0
2104057,210405,2011,0
2104073,210407,2011,0
2104651,210465,2011,0
2105302,210530,2011,1
2105401,210540,2011,1
2107506,210750,2011,0
2107704,210770,2011,0
2108207,210820,2011,0
2108454,210845,2011,0
2108504,210850,2011,0
2109007,210900,2011,1
2109106,210910,2011,0
2109452,210945,2011,0
2109908,210990,2011,0
2110203,211020,2011,1
2111201,211120,2011,1
2111300,211130,2011,14
2112704,211270,2011,0
2112803,211280,2011,0
5100201,510020,2011,0
5100250,510025,2011,0
5101407,510140,2011,0
5101803,510180,2011,0
5101852,510185,2011,0
5102504,510250,2011,0
5102637,510263,2011,1
5102678,510267,2011,0
5102702,510270,2011,0
5102793,510279,2011,0
5103056,510305,2011,0
5103205,510320,2011,1
5103254,510325,2011,0
5103403,510340,2011,0
5103437,510343,2011,0
5103452,510345,2011,0
5103502,510350,2011,0
5103908,510390,2011,1
5103957,510395,2011,0
5104104,510410,2011,0
5104807,510480,2011,0
5105002,510500,2011,0
5105101,510510,2011,0
5105259,510525,2011,0
5105622,510562,2011,0
5106000,510600,2011,0
5106158,510615,2011,0
5106224,510622,2011,0
5106299,510629,2011,0
5106372,510637,2011,1
5106422,510642,2011,0
5106653,510665,2011,0
5106703,510670,2011,0
5106752,510675,2011,0
5107040,510704,2011,0
5107107,510710,2011,0
5107305,510730,2011,0
5107602,510760,2011,0
5107701,510770,2011,0
5107875,510787,2011,0
5107909,510790,2011,1
5107925,510792,2011,0
5107958,510795,2011,0
5108006,510800,2011,0
5108055,510805,2011,0
5108204,510820,2011,1
5108402,510840,2011,0
5108501,510850,2011,0
1100015,110001,2012,0
1100023,110002,2012,0
1100049,110004,2012,0
1100056,110005,2012,0
1100064,110006,2012,1
1100106,110010,2012,0
1100114,110011,2012,0
1100122,110012,2012,0
1100148,110014,2012,0
1100155,110015,2012,0
1100189,110018,2012,0
1100205,110020,2012,1
1100254,110025,2012,0
1100288,110028,2012,0
1100304,110030,2012,1
1100346,110034,2012,0
1100924,110092,2012,0
1101104,110110,2012,0
1101203,110120,2012,0
1101302,110130,2012,0
1101401,110140,2012,0
1200401,120040,2012,0
1301852,130185,2012,0
1301902,130190,2012,0
1302504,130250,2012,0
1302603,130260,2012,3
1302900,130290,2012,0
1303106,130310,2012,0
1303205,130320,2012,0
1304062,130406,2012,3
1304203,130420,2012,0
1400100,140010,2012,0
1400175,140017,2012,0
1400472,140047,2012,0
1400704,140070,2012,0
1500107,150010,2012,0
1500602,150060,2012,1
1500800,150080,2012,1
1501303,150130,2012,0
1501402,150140,2012,1
1501451,150145,2012,0
1501576,150157,2012,0
1501709,150170,2012,0
1501808,150180,2012,0
1502301,150230,2012,0
1502707,150270,2012,0
1503044,150304,2012,0
1503705,150370,2012,0
1503804,150380,2012,0
1504208,150420,2012,0
1504422,150442,2012,0
1504455,150445,2012,0
1505031,150503,2012,0
1505064,150506,2012,0
1505304,150530,2012,0
1505437,150543,2012,0
1505486,150548,2012,0
1505502,150550,2012,0
1505536,150553,2012,1
1506138,150613,2012,0
1506161,150616,2012,0
1506187,150618,2012,0
1506195,150619,2012,0
1506203,150620,2012,0
1506500,150650,2012,1
1506559,150655,2012,0
1506583,150658,2012,0
1506708,150670,2012,0
1506807,150680,2012,0
1507300,150730,2012,1
1507458,150745,2012,0
1507904,150790,2012,0
1507953,150795,2012,0
1508050,150805,2012,0
1508084,150808,2012,0
1508159,150815,2012,0
1508407,150840,2012,0
1600303,160030,2012,1
1702109,170210,2012,0
1702307,170230,2012,0
1702554,170255,2012,0
1705607,170560,2012,0
1707207,170720,2012,0
1709500,170950,2012,0
1713205,171320,2012,1
1713304,171330,2012,0
1714203,171420,2012,0
1716109,171610,2012,1
1716208,171620,2012,0
1718204,171820,2012,0
1720200,172020,2012,0
1721000,172100,2012,3
1722081,172208,2012,0
2100055,210005,2012,0
2101103,210110,2012,0
2101251,210125,2012,0
2101301,210130,2012,0
2102325,210232,2012,0
2102705,210270,2012,0
2103125,210312,2012,0
2104057,210405,2012,0
2104073,210407,2012,0
2104651,210465,2012,0
2105302,210530,2012,0
2105401,210540,2012,0
2107506,210750,2012,0
2107704,210770,2012,0
2108207,210820,2012,0
2108454,210845,2012,0
2108504,210850,2012,0
2109007,210900,2012,0
2109106,210910,2012,1
2109452,210945,2012,0
2109908,210990,2012,1
2110203,211020,2012,0
2111201,211120,2012,1
2111300,211130,2012,8
2112704,211270,2012,1
2112803,211280,2012,0
5100201,510020,2012,0
5100250,510025,2012,0
5101407,510140,2012,1
5101803,510180,2012,0
5101852,510185,2012,0
5102504,510250,2012,1
5102637,510263,2012,0
5102678,510267,2012,0
5102702,510270,2012,0
5102793,510279,2012,0
5103056,510305,2012,0
5103205,510320,2012,1
5103254,510325,2012,0
5103403,510340,2012,5
5103437,510343,2012,0
5103452,510345,2012,0
5103502,510350,2012,0
5103908,510390,2012,0
5103957,510395,2012,0
5104104,510410,2012,0
5104807,510480,2012,1
5105002,510500,2012,0
5105101,510510,2012,0
5105259,510525,2012,0
5105622,510562,2012,0
5106000,510600,2012,2
5106158,510615,2012,0
5106224,510622,2012,0
5106299,510629,2012,0
5106372,510637,2012,0
5106422,510642,2012,0
5106653,510665,2012,0
5106703,510670,2012,0
5106752,510675,2012,0
5107040,510704,2012,0
5107107,510710,2012,0
5107305,510730,2012,0
5107602,510760,2012,0
5107701,510770,2012,0
5107875,510787,2012,0
5107909,510790,2012,4
5107925,510792,2012,0
5107958,510795,2012,1
5108006,510800,2012,0
5108055,510805,2012,0
5108204,510820,2012,0
5108402,510840,2012,0
5108501,510850,2012,0
1100064,110006,2013,0
1100189,110018,2013,0
1100254,110025,2013,0
1100924,110092,2013,1
1101104,110110,2013,0
1101203,110120,2013,2
1101302,110130,2013,0
1101401,110140,2013,0
1301852,130185,2013,0
1302900,130290,2013,0
1303106,130310,2013,0
1303205,130320,2013,0
1400175,140017,2013,0
1400472,140047,2013,0
1400704,140070,2013,0
1500107,150010,2013,0
1501303,150130,2013,0
1501451,150145,2013,0
1501709,150170,2013,0
1501808,150180,2013,0
1502301,150230,2013,0
1502707,150270,2013,0
1503044,150304,2013,0
1503705,150370,2013,0
1503804,150380,2013,0
1504422,150442,2013,0
1504455,150445,2013,1
1505031,150503,2013,0
1505064,150506,2013,0
1505437,150543,2013,0
1505486,150548,2013,0
1505502,150550,2013,2
1505536,150553,2013,1
1506138,150613,2013,0
1506161,150616,2013,0
1506187,150618,2013,0
1506203,150620,2013,0
1506500,150650,2013,0
1506559,150655,2013,0
1506583,150658,2013,0
1506708,150670,2013,2
1506807,150680,2013,0
1507458,150745,2013,0
1507904,150790,2013,0
1508407,150840,2013,0
1702307,170230,2013,2
1702554,170255,2013,0
1705607,170560,2013,0
1713304,171330,2013,0
1714203,171420,2013,0
1716208,171620,2013,0
1720200,172020,2013,0
1722081,172208,2013,0
2100055,210005,2013,0
2101103,210110,2013,0
2101251,210125,2013,0
2101301,210130,2013,0
2102325,210232,2013,1
2103125,210312,2013,0
2104057,210405,2013,0
2104073,210407,2013,1
2104651,210465,2013,0
2108207,210820,2013,0
2108454,210845,2013,0
2108504,210850,2013,0
2109106,210910,2013,0
2109908,210990,2013,0
2110203,211020,2013,0
2112704,211270,2013,0
2112803,211280,2013,0
5100201,510020,2013,0
5101407,510140,2013,1
5101852,510185,2013,0
5102793,510279,2013,1
5103056,510305,2013,1
5103437,510343,2013,0
5103452,510345,2013,0
5103908,510390,2013,0
5103957,510395,2013,0
5105622,510562,2013,0
5106158,510615,2013,0
5106299,510629,2013,0
5106372,510637,2013,0
5106703,510670,2013,0
5107107,510710,2013,0
5107305,510730,2013,0
5107701,510770,2013,0
5108006,510800,2013,0
5108055,510805,2013,0
5108204,510820,2013,0
1100023,110002,2001,0
1100114,110011,2001,0
1100254,110025,2001,0
1100924,110092,2001,0
1200401,120040,2001,0
1200500,120050,2001,0
1302603,130260,2001,1
1400100,140010,2001,0
1500800,150080,2001,0
1501402,150140,2001,0
1503309,150330,2001,0
1504422,150442,2001,0
1506138,150613,2001,1
1506161,150616,2001,0
1506500,150650,2001,0
1506807,150680,2001,0
1507953,150795,2001,0
1600303,160030,2001,1
1716703,171670,2001,1
1720101,172010,2001,0
1721000,172100,2001,0
2101202,210120,2001,0
2101608,210160,2001,0
2101970,210197,2001,0
2102309,210230,2001,0
2104800,210480,2001,0
2105302,210530,2001,0
2105401,210540,2001,0
2110005,211000,2001,0
2111201,211120,2001,0
2111300,211130,2001,0
2114007,211400,2001,0
5102504,510250,2001,0
5103007,510300,2001,0
5103254,510325,2001,0
5103403,510340,2001,0
5105507,510550,2001,0
5106307,510630,2001,2
5107602,510760,2001,0
5107909,510790,2001,0
5107925,510792,2001,0
5108907,510890,2001,0
1100023,110002,2002,0
1100114,110011,2002,0
1100254,110025,2002,0
1100924,110092,2002,0
1200401,120040,2002,0
1200500,120050,2002,0
1302603,130260,2002,0
1400100,140010,2002,0
1500800,150080,2002,1
1501402,150140,2002,1
1503309,150330,2002,1
1504422,150442,2002,0
1506138,150613,2002,0
1506161,150616,2002,0
1506500,150650,2002,0
1506807,150680,2002,0
1507953,150795,2002,1
1600303,160030,2002,0
1716703,171670,2002,0
1720101,172010,2002,1
1721000,172100,2002,0
2101202,210120,2002,0
2101608,210160,2002,1
2101970,210197,2002,0
2102309,210230,2002,0
2104800,210480,2002,0
2105302,210530,2002,0
2105401,210540,2002,1
2110005,211000,2002,0
2111201,211120,2002,0
2111300,211130,2002,2
2114007,211400,2002,0
5102504,510250,2002,0
5103007,510300,2002,0
5103254,510325,2002,0
5103403,510340,2002,1
5105507,510550,2002,0
5106307,510630,2002,0
5107602,510760,2002,0
5107909,510790,2002,0
5107925,510792,2002,0
5108907,510890,2002,0
1100023,110002,2003,0
1100114,110011,2003,0
1100254,110025,2003,0
1100924,110092,2003,1
1200401,120040,2003,0
1200500,120050,2003,0
1302603,130260,2003,0
1400100,140010,2003,3
1500800,150080,2003,0
1501402,150140,2003,2
1503309,150330,2003,0
1504422,150442,2003,2
1506138,150613,2003,0
1506161,150616,2003,0
1506500,150650,2003,0
1506807,150680,2003,0
1507953,150795,2003,0
1600303,160030,2003,1
1716703,171670,2003,0
1720101,172010,2003,0
1721000,172100,2003,1
2101202,210120,2003,1
2101608,210160,2003,0
2101970,210197,2003,0
2102309,210230,2003,0
2104800,210480,2003,1
2105302,210530,2003,0
2105401,210540,2003,0
2110005,211000,2003,0
2111201,211120,2003,1
2111300,211130,2003,2
2114007,211400,2003,0
5102504,510250,2003,0
5103007,510300,2003,0
5103254,510325,2003,0
5103403,510340,2003,0
5105507,510550,2003,1
5106307,510630,2003,0
5107602,510760,2003,0
5107909,510790,2003,0
5107925,510792,2003,0
5108907,510890,2003,0
1100023,110002,2004,0
1100114,110011,2004,0
1100254,110025,2004,0
1100924,110092,2004,0
1200401,120040,2004,2
1200500,120050,2004,0
1302603,130260,2004,0
1400100,140010,2004,0
1500800,150080,2004,0
1501402,150140,2004,0
1503309,150330,2004,0
1504422,150442,2004,1
1506138,150613,2004,0
1506161,150616,2004,1
1506500,150650,2004,0
1506807,150680,2004,0
1507953,150795,2004,0
1600303,160030,2004,0
1716703,171670,2004,0
1720101,172010,2004,0
1721000,172100,2004,0
2101202,210120,2004,0
2101608,210160,2004,0
2101970,210197,2004,0
2102309,210230,2004,1
2104800,210480,2004,0
2105302,210530,2004,1
2105401,210540,2004,0
2110005,211000,2004,0
2111201,211120,2004,0
2111300,211130,2004,0
2114007,211400,2004,0
5102504,510250,2004,0
5103007,510300,2004,0
5103254,510325,2004,0
5103403,510340,2004,0
5105507,510550,2004,0
5106307,510630,2004,0
5107602,510760,2004,0
5107909,510790,2004,0
5107925,510792,2004,0
5108907,510890,2004,0
1100023,110002,2005,1
1100114,110011,2005,1
1100254,110025,2005,0
1100924,110092,2005,0
1200401,120040,2005,0
1200500,120050,2005,0
1302603,130260,2005,0
1400100,140010,2005,0
1500800,150080,2005,2
1501402,150140,2005,3
1503309,150330,2005,0
1504422,150442,2005,0
1506138,150613,2005,0
1506161,150616,2005,0
1506500,150650,2005,1
1506807,150680,2005,2
1507953,150795,2005,0
1600303,160030,2005,1
1716703,171670,2005,0
1720101,172010,2005,0
1721000,172100,2005,0
2101202,210120,2005,0
2101608,210160,2005,0
2101970,210197,2005,1
2102309,210230,2005,0
2104800,210480,2005,0
2105302,210530,2005,0
2105401,210540,2005,0
2110005,211000,2005,0
2111201,211120,2005,2
2111300,211130,2005,5
2114007,211400,2005,0
5102504,510250,2005,0
5103007,510300,2005,0
5103254,510325,2005,0
5103403,510340,2005,0
5105507,510550,2005,0
5106307,510630,2005,0
5107602,510760,2005,1
5107909,510790,2005,1
5107925,510792,2005,1
5108907,510890,2005,1
1100023,110002,2006,0
1100114,110011,2006,0
1100254,110025,2006,1
1100924,110092,2006,0
1200401,120040,2006,0
1200500,120050,2006,1
1302603,130260,2006,3
1400100,140010,2006,2
1500800,150080,2006,1
1501402,150140,2006,1
1503309,150330,2006,0
1504422,150442,2006,0
1506138,150613,2006,0
1506161,150616,2006,0
1506500,150650,2006,0
1506807,150680,2006,0
1507953,150795,2006,0
1600303,160030,2006,3
1716703,171670,2006,0
1720101,172010,2006,0
1721000,172100,2006,0
2101202,210120,2006,0
2101608,210160,2006,0
2101970,210197,2006,0
2102309,210230,2006,0
2104800,210480,2006,0
2105302,210530,2006,0
2105401,210540,2006,0
2110005,211000,2006,1
2111201,211120,2006,2
2111300,211130,2006,6
2114007,211400,2006,1
5102504,510250,2006,1
5103007,510300,2006,1
5103254,510325,2006,1
5103403,510340,2006,0
5105507,510550,2006,0
5106307,510630,2006,0
5107602,510760,2006,0
5107909,510790,2006,0
5107925,510792,2006,0
5108907,510890,2006,0
