cod_ibge,nome_mun,sigla_uf,rede_geral_2022,fossa_2022,outra_2022,nada_2022,rede_geral_2010,fossa_2010,outra_2010,nada_2010,rede_geral_2000,fossa_2000,outra_2000,nada_2000
1100015,Alta Floresta D'Oeste,RO,0.47,18.44,80.95,0.14,0.29,1.95,94.24,3.51,0.02,0.74,84.60000000000001,14.66
1100023,Ariquemes,RO,1.99,31.58,66.41,0.03,1.17,7.74,90.46,0.64,0.39,13.71,80.53,5.37
1100031,Cabixi,RO,1.58,14.79,83.63000000000001,0.0,0.1,20.91,78.22,0.76,0.0,1.13,84.47,14.4
1100049,Cacoal,RO,67.19,11.59,21.17,0.05,40.1,13.93,45.08,0.89,13.25,8.67,68.62,9.46
1100056,Cerejeiras,RO,57.99,28.95,13.06,0.0,0.09,16.64,82.75999999999999,0.5,0.04,0.87,96.64,2.46
1100064,Colorado do Oeste,RO,2.62,30.7,66.67000000000002,0.02,0.5,4.67,94.0,0.82,0.35,0.73,92.96,5.96
1100072,Corumbiara,RO,0.7,2.39,96.59,0.32,0.19,11.36,85.74,2.72,0.0,0.34,68.64,31.02
1100080,Costa Marques,RO,0.05,15.67,83.86999999999999,0.41,0.14,7.77,89.83,2.27,0.04,15.29,71.09000000000002,13.57
1100098,Espigão D'Oeste,RO,6.6,24.39,68.82,0.18,0.38,13.39,85.12000000000002,1.12,0.2,0.73,79.89999999999999,19.18
1100106,Guajará-Mirim,RO,9.01,28.25,60.06,2.68,8.36,13.83,75.51,2.3,8.52,2.16,85.49,3.83
1100114,Jaru,RO,1.78,26.15,72.03,0.03,0.87,2.49,95.69,0.95,1.17,10.77,81.03000000000002,7.03
1100122,Ji-Paraná,RO,7.57,30.26,62.09,0.08,3.55,16.88,79.0,0.57,2.51,6.85,86.32000000000001,4.31
1100130,Machadinho D'Oeste,RO,3.13,6.21,90.3,0.37,0.13,1.99,93.15,4.73,0.09,1.2,69.72000000000001,28.99
1100148,Nova Brasilândia D'Oeste,RO,7.0,14.38,78.53,0.09,0.12,3.72,93.23,2.92,0.0,2.56,71.05,26.39
1100155,Ouro Preto do Oeste,RO,2.23,13.76,83.98,0.04,1.06,9.11,89.16,0.67,0.67,6.09,85.2,8.05
1100189,Pimenta Bueno,RO,9.44,17.5,73.0,0.06,8.01,30.33,61.16,0.51,8.34,3.49,83.56,4.6
1100205,Porto Velho,RO,22.99,36.03,40.81,0.17,10.08,33.33,55.52,1.08,8.89,52.6,33.7,4.81
1100254,Presidente Médici,MA,0.87,0.36,96.82,1.95,1.83,49.69,38.9,9.57,0.09,3.39,13.58,82.94
1100262,Rio Crespo,RO,1.28,2.48,95.76,0.48,0.0,22.57,74.52,2.91,0.0,5.32,72.88999999999999,21.79
1100288,Rolim de Moura,RO,3.62,26.26,70.09,0.03,0.66,14.32,84.36,0.66,0.26,0.91,93.99,4.83
1100296,Santa Luzia D'Oeste,RO,2.86,0.69,96.34,0.11,1.06,0.91,95.81000000000002,2.22,0.61,0.2,82.22,16.96
1100304,Vilhena,RO,4.91,42.74,52.33,0.01,1.2,12.31,86.16000000000001,0.33,0.84,6.31,91.61,1.24
1100320,São Miguel do Guaporé,RO,1.81,19.44,78.61,0.14,0.25,9.73,87.88,2.14,0.02,1.35,70.66000000000001,27.97
1100338,Nova Mamoré,RO,0.82,18.01,80.3,0.88,0.06,7.83,87.78,4.33,0.18,8.95,79.82,11.06
1100346,Alvorada D'Oeste,RO,42.52,2.04,55.39,0.04,29.63,6.21,62.79,1.38,0.56,1.08,81.72999999999999,16.62
1100379,Alto Alegre dos Parecis,RO,0.62,31.62,67.54000000000002,0.22,0.16,0.38,94.37,5.09,0.0,0.27,58.54,41.19
1100403,Alto Paraíso,RO,0.14,29.5,70.30999999999999,0.05,0.18,10.65,85.57,3.61,0.2,6.94,68.61,24.24
1100452,Buritis,RO,0.45,21.19,78.21,0.14,0.06,1.76,95.32,2.85,0.1,2.27,66.18,31.45
1100502,Novo Horizonte do Oeste,RO,0.32,19.09,80.52,0.07,3.55,5.9,89.38,1.17,0.0,0.65,76.37,22.98
1100601,Cacaulândia,RO,32.97,1.21,65.60999999999999,0.2,0.12,21.69,74.76999999999998,3.43,0.08,3.81,82.63,13.48
1100700,Campo Novo de Rondônia,RO,0.26,8.45,90.8,0.49,0.16,19.71,74.37,5.75,0.0,0.11,66.53999999999999,33.35
1100809,Candeias do Jamari,RO,1.2,20.75,77.94000000000001,0.11,3.78,5.24,87.70000000000002,3.29,0.13,70.1,21.16,8.62
1100908,Castanheiras,RO,0.0,4.67,95.16,0.17,0.0,1.44,96.03,2.53,0.0,0.47,92.81,6.72
1100924,Chupinguaia,RO,0.87,37.31,61.76,0.06,0.64,2.05,96.25,1.07,0.14,20.43,64.94999999999999,14.49
1100940,Cujubim,RO,0.12,6.27,92.89,0.73,0.09,7.28,86.89,5.75,0.0,2.48,64.46000000000001,33.06
1101005,Governador Jorge Teixeira,RO,0.03,0.52,99.2,0.24,0.3,30.66,63.55,5.49,0.0,0.81,62.06999999999999,37.12
1101104,Itapuã do Oeste,RO,0.55,36.84,62.510000000000005,0.1,1.74,1.46,93.06,3.75,1.71,41.99,39.81,16.49
1101203,Ministro Andreazza,RO,5.58,21.4,72.98,0.04,1.95,2.6,93.88,1.57,0.44,0.26,74.67,24.63
1101302,Mirante da Serra,RO,7.78,2.14,89.99000000000001,0.09,0.0,1.34,96.36,2.3,0.03,1.05,77.46,21.46
1101401,Monte Negro,RO,0.17,1.21,98.46,0.17,0.12,1.18,92.74,5.95,0.03,3.47,75.67,20.83
1101435,Nova União,RO,0.9,19.19,79.63000000000001,0.27,0.0,1.1,95.67,3.24,0.0,1.85,62.56,35.59
1101450,Parecis,RO,4.12,3.37,92.17,0.34,0.0,0.65,92.66,6.7,0.0,2.21,47.86,49.94
1101468,Pimenteiras do Oeste,RO,5.27,11.08,83.66,0.0,0.0,18.71,79.57000000000001,1.71,0.0,2.75,90.82,6.42
1101476,Primavera de Rondônia,RO,0.26,2.38,97.36,0.0,0.09,1.85,96.3,1.76,0.09,0.36,84.9,14.64
1101484,São Felipe D'Oeste,RO,0.0,9.43,90.57,0.0,0.44,15.58,82.88000000000001,1.1,0.0,0.06,64.9,35.05
1101492,São Francisco do Guaporé,RO,0.26,8.93,90.57,0.24,0.0,3.85,94.39,1.76,0.11,1.89,88.16000000000001,9.84
1101500,Seringueiras,RO,14.53,1.54,83.75999999999999,0.18,0.15,19.48,78.49000000000001,1.88,0.0,0.32,77.58,22.09
1101559,Teixeirópolis,RO,0.32,3.48,96.01,0.19,0.14,1.9,95.59000000000002,2.37,0.0,0.07,89.18,10.73
1101609,Theobroma,RO,0.23,14.73,84.91,0.13,0.46,10.56,86.50999999999999,2.48,0.0,1.54,67.07000000000001,31.4
1101708,Urupá,RO,3.59,3.11,93.27,0.03,0.08,11.45,85.16000000000001,3.32,0.03,1.13,84.65,14.21
1101757,Vale do Anari,RO,0.07,5.07,94.79000000000002,0.07,0.0,0.68,95.76,3.56,0.0,1.29,67.29,31.42
1101807,Vale do Paraíso,RO,0.04,6.54,93.42,0.0,0.0,0.29,97.57000000000002,2.14,0.0,1.57,76.46,21.97
1200013,Acrelândia,AC,0.85,24.41,74.22999999999999,0.49,0.43,11.27,80.69000000000001,7.6,0.05,5.78,61.59,32.58
1200054,Assis Brasil,AC,6.6,11.46,74.69,7.25,1.88,22.94,57.77,17.41,5.61,5.48,36.940000000000005,51.97
1200104,Brasiléia,AC,33.49,12.84,49.79,3.88,17.15,12.48,58.77,11.6,6.09,8.7,50.14,35.07
1200138,Bujari,AC,3.74,15.34,77.4,3.53,0.77,18.58,62.27,18.37,0.07,17.12,34.38999999999999,48.41
1200179,Capixaba,AC,1.12,17.53,77.83,3.52,0.98,33.02,52.19,13.81,0.08,8.98,28.06,62.88
1200203,Cruzeiro do Sul,AC,8.59,17.36,72.04,2.02,4.49,9.41,75.97,10.13,2.03,19.37,57.48,21.12
1200252,Epitaciolândia,AC,4.66,35.19,59.41,0.74,3.73,17.47,71.92,6.88,0.26,13.62,60.46,25.67
1200302,Feijó,AC,3.4,5.32,78.67,12.61,2.81,7.49,61.07,28.63,2.87,10.61,49.38,37.13
1200328,Jordão,AC,3.44,2.3,78.39,15.88,0.46,4.84,75.29,19.42,0.14,8.74,20.31,70.8
1200336,Mâncio Lima,AC,1.29,1.5,96.86,0.35,0.22,6.53,85.67,7.59,0.13,0.31,90.69,8.85
1200344,Manoel Urbano,AC,15.45,9.22,59.400000000000006,15.92,4.09,8.83,59.04,28.04,1.48,0.33,41.84,56.36
1200351,Marechal Thaumaturgo,AC,1.71,6.6,67.97,23.72,0.87,7.49,51.120000000000005,40.51,0.07,3.11,15.88,80.95
1200385,Plácido de Castro,AC,5.85,15.94,77.32000000000001,0.88,3.96,10.67,77.39,7.97,1.1,18.59,54.93,25.38
1200393,Porto Walter,AC,5.17,21.29,56.61,16.93,0.06,0.65,60.0,39.31,0.2,0.89,87.58000000000001,11.33
1200401,Rio Branco,AC,68.19,11.22,20.0,0.59,45.29,12.68,39.59,2.43,37.02,8.67,45.17,9.14
1200427,Rodrigues Alves,AC,1.93,2.88,91.51000000000002,3.67,0.03,9.2,67.26,23.51,0.13,7.03,68.05,24.79
1200435,Santa Rosa do Purus,AC,4.24,9.45,57.3,29.02,0.12,4.66,70.83,24.39,0.0,7.08,11.08,81.85
1200450,Senador Guiomard,AC,0.59,29.08,69.55999999999999,0.78,0.62,23.51,69.74,6.12,0.56,28.94,51.8,18.71
1200500,Sena Madureira,AC,17.24,17.64,61.65,3.48,4.08,9.21,76.03999999999999,10.66,0.74,18.63,41.49,39.13
1200609,Tarauacá,AC,2.53,1.64,91.54,4.28,1.2,9.73,65.78,23.29,2.68,14.38,47.63,35.31
1200708,Xapuri,AC,21.38,9.13,57.73,11.76,17.13,12.2,54.33,16.35,17.04,13.23,35.39,34.35
1200807,Porto Acre,AC,1.4,24.17,72.78,1.65,0.12,11.84,79.16,8.88,0.14,12.3,53.0,34.56
1300029,Alvarães,AM,3.88,2.68,88.52,4.91,6.93,24.43,66.46000000000001,2.18,2.18,6.91,53.1,37.82
1300060,Amaturá,AM,1.86,23.42,74.08,0.65,1.82,5.87,67.49000000000001,24.82,0.33,13.47,61.32000000000001,24.88
1300086,Anamã,AM,3.32,19.65,76.13000000000001,0.91,3.82,0.8,91.93,3.45,1.35,6.91,55.31,36.45
1300102,Anori,AM,3.95,0.27,95.66,0.12,1.24,0.92,84.36,13.5,0.38,22.56,49.31,27.75
1300144,Apuí,AM,1.04,3.77,94.53,0.66,0.11,9.42,87.63000000000001,2.84,0.12,22.54,61.970000000000006,15.38
1300201,Atalaia do Norte,AM,1.95,5.43,77.43,15.19,0.62,0.35,70.03999999999999,28.98,2.06,13.21,38.67,46.05
1300300,Autazes,AM,7.26,4.78,86.51000000000002,1.44,4.06,16.32,69.86,9.75,3.53,1.39,77.24,17.84
1300409,Barcelos,AM,9.76,4.94,61.46,23.84,3.51,11.97,43.32,41.21,2.09,2.99,45.84,49.07
1300508,Barreirinha,AM,3.13,7.48,88.69000000000001,0.7,0.49,3.66,92.87,2.99,0.1,3.56,87.3,9.04
1300607,Benjamin Constant,AM,2.7,13.36,81.86999999999999,2.07,2.42,12.18,73.66,11.73,1.78,16.03,63.72,18.47
1300631,Beruri,AM,2.9,2.46,91.91,2.74,3.19,24.5,60.33,11.99,4.55,8.09,61.77,25.58
1300680,Boa Vista do Ramos,AM,4.01,7.9,87.75,0.35,0.69,31.3,64.24,3.76,0.28,3.98,92.82,2.93
1300706,Boca do Acre,AM,7.49,5.69,84.29,2.53,4.65,1.68,81.87,11.79,0.87,12.01,51.33,35.8
1300805,Borba,AM,1.48,5.61,91.15,1.77,1.22,7.4,77.89,13.49,0.34,16.72,74.47,8.47
1300839,Caapiranga,AM,0.47,0.67,96.9,1.95,1.39,31.62,60.59,6.39,0.49,8.8,46.64,44.07
1300904,Canutama,AM,4.33,3.95,89.87,1.85,9.81,0.61,77.5,12.08,0.27,1.55,86.05000000000001,12.12
1301001,Carauari,AM,15.3,4.93,78.03999999999999,1.73,16.51,9.2,59.35,14.94,0.17,1.84,55.53,42.47
1301100,Careiro,AM,6.13,13.32,79.32,1.24,3.09,11.95,82.2,2.75,1.5,6.09,80.63,11.78
1301159,Careiro da Várzea,AM,0.71,3.48,94.79,1.02,0.24,5.38,92.83,1.55,0.08,10.15,85.44999999999999,4.31
1301209,Coari,AM,33.28,6.48,58.57,1.67,35.81,5.27,49.040000000000006,9.88,27.31,0.97,39.720000000000006,32.0
1301308,Codajás,AM,36.51,3.9,57.3,2.3,24.77,1.32,48.84,25.08,10.22,7.27,56.7,25.81
1301407,Eirunepé,AM,0.54,0.47,91.86,7.13,1.68,11.59,63.36,23.36,0.62,8.72,49.6,41.08
1301506,Envira,AM,0.91,0.26,90.03,8.79,1.22,6.43,79.5,12.86,1.19,3.92,32.800000000000004,62.08
1301605,Fonte Boa,AM,1.48,9.11,85.56,3.85,1.15,1.1,72.58,25.15,0.11,0.15,33.5,66.23
1301654,Guajará,AM,2.99,1.69,94.38,0.94,0.53,7.69,87.57,4.21,0.0,1.49,60.370000000000005,38.15
1301704,Humaitá,AM,11.54,12.76,71.78,3.93,4.96,11.3,79.47000000000001,4.28,1.32,23.01,59.88999999999999,15.78
1301803,Ipixuna,AM,2.58,0.1,87.83,9.49,1.13,0.38,77.02,21.47,0.04,3.11,55.74,41.1
1301852,Iranduba,AM,4.23,29.35,65.94,0.49,2.05,12.33,81.28999999999999,4.32,0.5,28.39,60.11,11.0
1301902,Itacoatiara,AM,8.17,26.19,65.19,0.45,3.74,17.03,77.09,2.13,0.95,33.5,60.75,4.8
1301951,Itamarati,AM,0.99,1.46,74.63000000000001,22.93,3.95,1.85,67.07,27.13,1.67,2.2,47.24,48.9
1302009,Itapiranga,AM,8.73,16.89,73.72,0.65,0.4,6.23,90.49,2.89,0.08,25.73,66.49,7.7
1302108,Japurá,AM,1.96,9.91,75.27,12.85,0.79,15.81,66.25,17.15,0.26,5.65,45.88,48.19
1302207,Juruá,AM,22.62,0.87,75.05,1.46,7.93,6.17,65.64,20.26,0.17,2.27,42.150000000000006,55.41
1302306,Jutaí,AM,1.28,0.97,92.64,5.12,0.76,0.22,74.66,24.36,1.56,2.45,41.57000000000001,54.42
1302405,Lábrea,AM,28.71,6.4,56.38,8.51,14.1,5.86,62.17,17.88,5.56,10.2,51.71,32.54
1302504,Manacapuru,AM,13.17,10.08,76.42,0.33,8.13,16.49,71.62,3.75,8.12,16.38,68.54,6.96
1302553,Manaquiri,AM,1.53,5.99,91.53000000000002,0.93,1.62,6.3,86.02000000000001,6.06,0.31,4.83,80.96000000000001,13.9
1302603,Manaus,AM,50.6,20.63,28.69,0.08,40.91,22.42,35.86,0.8,32.55,36.73,25.83,4.89
1302702,Manicoré,AM,1.22,11.76,85.61,1.41,1.15,7.19,83.61,8.04,0.34,12.96,57.38,29.33
1302801,Maraã,AM,7.41,6.59,81.63,4.37,9.6,13.0,41.89,35.52,2.07,0.74,59.330000000000005,37.84
1302900,Maués,AM,17.73,12.34,69.45,0.48,1.96,27.23,68.49000000000001,2.33,0.15,20.94,69.18,9.72
1303007,Nhamundá,AM,4.6,11.09,83.78,0.53,0.58,17.02,80.97999999999999,1.43,0.0,13.26,78.86,7.88
1303106,Nova Olinda do Norte,AM,6.27,7.15,85.82000000000001,0.77,6.25,8.8,78.22999999999999,6.73,0.39,2.46,85.32,11.83
1303205,Novo Airão,AM,10.18,11.96,65.42999999999999,12.44,0.82,15.61,67.57,15.99,1.54,30.82,50.470000000000006,17.16
1303304,Novo Aripuanã,AM,14.9,12.33,70.17999999999999,2.59,10.01,4.94,66.91,18.14,2.12,2.37,54.84,40.68
1303403,Parintins,AM,10.0,36.32,53.38,0.31,1.62,18.9,77.91,1.56,1.16,26.83,67.95,4.06
1303502,Pauini,AM,5.68,11.92,68.44,13.96,5.58,20.89,44.38000000000001,29.16,0.47,1.23,40.31,57.99
1303536,Presidente Figueiredo,AM,31.26,33.94,33.790000000000006,1.0,27.65,9.89,58.54,3.92,18.37,43.25,26.7,11.69
1303569,Rio Preto da Eva,AM,8.48,34.6,55.68000000000001,1.24,0.97,9.04,87.02000000000001,2.97,0.29,32.84,59.81,7.04
1303601,Santa Isabel do Rio Negro,AM,3.91,1.09,56.97,38.03,1.07,7.18,37.11,54.64,0.47,12.77,15.63,71.13
1303700,Santo Antônio do Içá,AM,1.68,2.65,94.64,1.05,2.05,1.78,89.53,6.64,0.6,1.23,79.19,18.98
1303809,São Gabriel da Cachoeira,AM,3.32,9.72,47.65,39.31,3.27,9.84,36.1,50.79,1.12,18.95,15.54,64.39
1303908,São Paulo de Olivença,AM,5.44,7.74,81.60000000000001,5.21,2.33,2.72,71.34,23.62,1.6,5.74,61.52,31.14
1303957,São Sebastião do Uatumã,AM,0.75,15.72,82.55,0.98,0.82,0.98,95.32999999999998,2.88,0.0,17.4,78.56,4.04
1304005,Silves,AM,4.11,13.24,81.88000000000001,0.78,0.4,4.55,92.8,2.25,0.43,9.27,79.1,11.2
1304062,Tabatinga,AM,10.67,19.68,68.27000000000001,1.39,7.49,18.26,65.33,8.93,1.33,8.93,73.22999999999999,16.51
1304104,Tapauá,AM,5.59,1.96,87.03999999999999,5.4,17.87,0.87,69.03,12.22,3.87,1.8,46.85000000000001,47.48
1304203,Tefé,AM,13.97,17.35,66.48,2.19,15.5,17.15,58.15,9.19,6.2,22.1,53.56,18.13
1304237,Tonantins,AM,5.03,35.5,59.23,0.24,0.25,9.09,80.25,10.41,0.0,4.25,68.05000000000001,27.7
1304260,Uarini,AM,1.77,0.23,93.1,4.91,1.87,11.09,64.36,22.67,0.26,4.58,48.61999999999999,46.53
1304302,Urucará,AM,0.82,11.22,87.83,0.14,2.2,8.39,87.56,1.85,0.4,20.96,74.05999999999999,4.58
1304401,Urucurituba,AM,3.13,24.61,71.83999999999999,0.42,1.18,21.52,69.92,7.37,0.18,12.9,78.33000000000001,8.6
1400027,Amajari,RR,6.24,31.68,37.12,24.97,0.19,10.53,49.94,39.33,0.56,29.53,34.17,35.75
1400050,Alto Alegre,RR,9.78,23.1,38.42,28.7,6.59,12.11,47.45,33.84,0.08,21.39,68.42,10.1
1400100,Boa Vista,RR,61.29,27.02,11.609999999999998,0.08,18.68,36.7,43.830000000000005,0.79,15.15,62.46,18.5,3.89
1400159,Bonfim,RR,6.15,33.45,58.31,2.09,0.84,39.09,51.34,8.74,0.26,36.66,51.690000000000005,11.38
1400175,Cantá,RR,1.47,40.41,56.06,2.06,0.72,10.54,73.78,14.97,0.31,34.89,46.24,18.55
1400209,Caracaraí,RR,34.68,27.16,35.34,2.83,42.9,15.13,34.94,7.03,15.77,29.42,19.97,34.84
1400233,Caroebe,RR,11.31,7.6,80.32999999999998,0.77,13.27,2.32,72.38,12.02,0.08,22.79,35.709999999999994,41.41
1400282,Iracema,RR,31.76,39.38,17.49,11.35,25.31,25.85,29.11,19.72,0.09,56.85,25.77,17.3
1400308,Mucajaí,RR,29.05,44.37,24.48,2.1,2.92,1.03,88.97999999999999,7.07,0.71,47.88,36.79,14.63
1400407,Normandia,RR,0.44,10.78,85.33,3.46,0.24,16.22,70.22,13.34,0.58,11.06,42.58,45.79
1400456,Pacaraima,RR,6.39,53.94,33.43,6.24,3.34,22.65,65.11,8.9,2.14,44.43,19.57,33.86
1400472,Rorainópolis,RR,4.39,31.67,62.49,1.46,0.67,10.99,81.25,7.09,0.18,32.62,42.69,24.52
1400506,São João da Baliza,RR,4.92,13.75,80.56,0.77,6.52,19.32,66.78,7.38,1.93,44.51,32.69,20.87
1400605,São Luiz,RR,4.42,9.78,85.23000000000002,0.58,0.75,43.48,52.42,3.34,0.49,46.77,34.25999999999999,18.48
1400704,Uiramutã,RR,0.21,1.07,78.58000000000001,20.14,0.14,5.47,35.74,58.66,0.1,4.93,25.81,69.16
1500107,Abaetetuba,PA,4.49,36.04,59.21,0.25,1.06,16.57,79.67,2.7,0.37,28.64,63.47,7.52
1500131,Abel Figueiredo,PA,2.5,4.9,91.79999999999998,0.8,0.48,9.31,85.80999999999999,4.39,0.0,0.22,82.52000000000001,17.26
1500206,Acará,PA,2.2,35.63,61.01,1.16,0.23,6.17,82.74,10.85,0.13,4.35,72.61999999999999,22.89
1500305,Afuá,PA,2.43,8.04,88.86,0.66,0.12,3.49,94.85,1.54,0.21,0.29,93.19,6.31
1500347,Água Azul do Norte,PA,0.2,2.46,95.69,1.66,7.16,13.21,75.17,4.46,0.26,13.47,28.67,57.61
1500404,Alenquer,PA,5.94,30.49,63.24,0.33,0.53,19.78,76.93,2.78,0.01,21.19,72.29,6.5
1500503,Almeirim,PA,17.56,9.57,72.37,0.5,17.01,17.87,58.39,6.74,4.59,43.11,40.120000000000005,12.18
1500602,Altamira,PA,49.09,18.19,30.95,1.78,1.59,17.16,77.4,3.84,1.92,30.49,59.66,7.92
1500701,Anajás,PA,0.28,0.74,98.29,0.69,0.72,8.65,84.3,6.33,0.07,0.3,78.79,20.84
1500800,Ananindeua,PA,31.48,48.74,19.61,0.17,11.51,43.94,43.17999999999999,1.37,6.84,72.88,13.79,6.5
1500859,Anapu,PA,1.97,7.56,84.57000000000001,5.9,0.06,1.69,71.18,27.07,0.05,6.2,42.28,51.46
1500909,Augusto Corrêa,PA,3.94,15.47,79.94000000000001,0.65,0.43,26.37,70.35,2.85,0.05,8.23,86.07,5.65
1500958,Aurora do Pará,PA,0.87,38.23,59.17,1.73,0.72,17.69,72.38,9.21,0.05,8.96,68.55000000000001,22.43
1501006,Aveiro,PA,5.68,20.92,72.93000000000002,0.47,0.84,7.71,87.19,4.25,0.79,4.89,82.19,12.13
1501105,Bagre,PA,0.19,0.43,96.88,2.49,0.67,2.29,92.97,4.07,0.05,5.97,54.72,39.26
1501204,Baião,PA,2.79,1.61,95.4,0.19,0.75,23.49,68.81,6.94,0.03,12.4,71.52000000000001,16.05
1501253,Bannach,PA,0.23,1.13,96.75,1.89,0.1,1.73,85.46,12.7,0.0,0.24,63.93,35.84
1501303,Barcarena,PA,15.15,30.93,53.59,0.33,12.05,17.35,67.14,3.45,14.12,26.09,50.45,9.34
1501402,Belém,PA,59.91,24.04,15.96,0.09,37.63,30.78,30.42,1.18,25.7,49.39,20.41,4.49
1501451,Belterra,PA,1.12,22.73,75.94000000000001,0.21,0.3,20.94,77.95000000000002,0.8,0.03,3.59,93.25,3.12
1501501,Benevides,PA,7.17,55.92,36.71,0.2,1.29,16.11,79.69,2.91,0.21,59.0,34.510000000000005,6.27
1501576,Bom Jesus do Tocantins,PA,1.96,6.21,89.00999999999999,2.82,1.17,12.06,70.58,16.19,0.07,1.78,56.44,41.72
1501600,Bonito,PA,0.55,16.71,81.82000000000001,0.93,0.27,13.67,82.14999999999999,3.91,0.0,8.36,78.63999999999999,13.01
1501709,Bragança,PA,4.6,40.15,54.84,0.41,1.26,13.49,82.87,2.36,0.13,34.07,59.96,5.85
1501725,Brasil Novo,PA,5.75,10.1,83.1,1.04,0.39,2.13,92.8,4.68,0.05,3.93,76.46,19.55
1501758,Brejo Grande do Araguaia,PA,1.55,13.29,84.56,0.61,0.78,6.85,80.55,11.81,0.0,0.5,68.2,31.3
1501782,Breu Branco,PA,11.48,13.31,73.75999999999999,1.45,5.09,0.39,86.62999999999998,7.89,7.41,0.42,61.89000000000001,30.28
1501808,Breves,PA,0.75,12.28,86.17,0.8,0.38,7.22,85.98,6.42,0.09,3.89,84.78,11.25
1501907,Bujaru,PA,3.44,23.62,71.32000000000001,1.62,0.58,10.04,81.71,7.67,0.18,7.2,71.39,21.22
1501956,Cachoeira do Piriá,PA,0.27,22.17,76.45,1.1,0.16,2.78,88.09,8.97,0.03,3.21,57.17999999999999,39.57
1502004,Cachoeira do Arari,PA,5.53,49.5,44.32,0.66,0.9,38.11,55.35,5.64,0.13,21.17,67.82,10.87
1502103,Cametá,PA,3.97,12.54,82.9,0.59,3.55,7.88,85.45,3.12,3.38,12.85,75.74000000000001,8.04
1502152,Canaã dos Carajás,PA,59.78,17.35,22.72,0.15,21.3,15.55,60.46,2.7,0.04,5.16,65.97,28.84
1502202,Capanema,PA,5.19,32.36,62.23,0.21,0.16,65.6,30.950000000000003,3.29,0.16,45.3,49.24,5.29
1502301,Capitão Poço,PA,1.98,16.71,80.85,0.46,1.09,2.22,92.34,4.34,0.16,1.06,86.38999999999999,12.39
1502400,Castanhal,PA,17.19,48.34,34.379999999999995,0.08,3.57,32.82,62.64,0.97,3.26,58.4,34.21,4.13
1502509,Chaves,PA,0.99,2.99,95.43,0.59,0.63,1.37,94.69,3.32,0.0,2.34,94.2,3.46
1502608,Colares,PA,3.03,41.98,54.3,0.7,0.47,1.54,94.02,3.98,0.05,15.53,80.38,4.04
1502707,Conceição do Araguaia,PA,2.29,13.91,81.73999999999998,2.06,0.41,4.36,85.03000000000002,10.2,0.3,36.66,31.99,31.05
1502756,Concórdia do Pará,PA,2.41,35.79,61.23000000000001,0.56,0.32,6.49,88.02000000000001,5.17,0.02,11.34,75.55,13.09
1502764,Cumaru do Norte,PA,3.03,19.39,64.78,12.8,0.64,1.02,71.13000000000001,27.2,0.26,29.06,34.14,36.54
1502772,Curionópolis,PA,2.23,58.82,38.15,0.81,0.38,4.13,93.46,2.03,0.45,14.7,72.75,12.1
1502806,Curralinho,PA,0.44,1.63,97.4,0.53,1.2,0.32,91.4,7.07,0.21,5.74,77.39,16.66
1502855,Curuá,PA,4.84,9.74,85.05000000000001,0.36,0.08,1.1,96.97,1.85,0.0,0.23,90.59,9.18
1502905,Curuçá,PA,6.17,53.69,39.93000000000001,0.21,0.52,22.59,73.92999999999999,2.96,0.04,25.44,70.52000000000001,3.99
1502939,Dom Eliseu,PA,3.36,11.14,84.85999999999999,0.65,1.24,5.91,90.51,2.33,0.07,3.21,84.44999999999999,12.27
1502954,Eldorado do Carajás,PA,2.43,30.15,66.53999999999999,0.89,0.09,7.54,78.27999999999999,14.1,0.05,9.0,50.44,40.51
1503002,Faro,PA,2.29,46.8,50.76,0.14,0.47,1.64,94.79999999999998,3.1,0.07,2.1,91.59,6.24
1503044,Floresta do Araguaia,PA,0.37,9.49,86.35000000000001,3.79,0.04,1.18,76.53,22.25,0.06,0.46,45.790000000000006,53.68
1503077,Garrafão do Norte,PA,0.92,9.57,89.23,0.29,0.0,1.12,91.66,7.22,0.02,0.13,84.24,15.61
1503093,Goianésia do Pará,PA,2.1,12.73,84.04,1.13,0.4,8.28,84.97000000000001,6.35,0.02,13.57,61.46,24.95
1503101,Gurupá,PA,0.37,28.52,70.56,0.56,0.63,4.84,90.39,4.13,0.13,5.97,78.79,15.1
1503200,Igarapé-Açu,PA,0.99,13.74,84.78,0.49,0.88,0.83,96.62999999999998,1.67,0.14,29.3,65.14000000000001,5.42
1503309,Igarapé-Miri,PA,4.8,17.61,77.14,0.45,0.67,2.88,91.28,5.16,0.59,12.99,78.66,7.77
1503408,Inhangapi,PA,0.62,0.9,98.32,0.16,0.32,20.78,75.69,3.2,0.06,17.39,69.31,13.23
1503457,Ipixuna do Pará,PA,12.9,20.79,65.07000000000001,1.23,1.63,25.13,66.59,6.64,0.21,13.02,55.24,31.53
1503507,Irituia,PA,9.42,31.93,57.63,1.02,0.27,2.82,89.35,7.57,0.18,13.79,76.89,9.13
1503606,Itaituba,PA,4.44,17.48,77.86999999999999,0.22,1.68,19.22,76.53999999999999,2.56,0.16,2.74,88.97999999999999,8.12
1503705,Itupiranga,PA,5.44,13.25,80.53000000000002,0.78,1.81,7.24,76.74,14.22,1.85,0.41,58.59,39.15
1503754,Jacareacanga,PA,1.06,10.22,76.74000000000001,11.97,0.09,2.53,78.34,19.03,0.08,4.67,56.4,38.85
1503804,Jacundá,PA,10.41,14.13,74.53,0.93,2.75,13.1,77.17999999999999,6.97,2.2,0.35,79.52,17.93
1503903,Juruti,PA,4.05,35.39,60.08,0.49,0.89,2.32,94.59,2.19,0.04,1.28,95.64,3.04
1504000,Limoeiro do Ajuru,PA,0.64,0.7,97.75,0.92,0.25,6.2,88.94999999999999,4.6,0.0,5.07,83.08,11.85
1504059,Mãe do Rio,PA,5.33,17.48,76.92999999999999,0.25,0.31,42.08,54.38999999999999,3.22,0.15,29.73,55.53,14.6
1504109,Magalhães Barata,PA,0.52,25.29,73.9,0.28,0.6,50.1,46.31999999999999,2.97,0.0,23.62,73.67999999999999,2.69
1504208,Marabá,PA,22.2,21.91,55.45000000000001,0.43,6.01,26.97,62.75999999999999,4.26,1.02,31.93,51.79,15.27
1504307,Maracanã,PA,4.22,47.52,47.95,0.3,0.68,43.0,53.88,2.43,0.09,13.7,82.33000000000001,3.88
1504406,Marapanim,PA,5.52,10.59,83.81,0.08,0.48,2.12,94.26,3.15,0.04,30.4,64.39,5.18
1504422,Marituba,PA,22.2,38.54,39.14,0.14,4.25,14.88,79.66,1.21,0.46,58.53,31.99,9.02
1504455,Medicilândia,PA,5.65,8.16,85.33,0.86,0.16,19.73,72.59,7.51,0.02,5.51,64.6,29.88
1504505,Melgaço,PA,4.06,2.05,87.14000000000001,6.75,0.27,3.78,89.36000000000001,6.59,0.06,2.8,88.97,8.17
1504604,Mocajuba,PA,6.71,7.76,84.38000000000001,1.15,0.13,31.91,60.23,7.72,0.34,23.43,60.2,16.05
1504703,Moju,PA,1.81,18.59,78.36,1.23,0.57,5.5,84.86,9.08,0.04,9.83,67.83,22.29
1504752,Mojuí dos Campos,PA,1.02,13.06,85.77000000000001,0.16,0.0,0.0,0.0,0.0,0.0,0.0,0.0,0.0
1504802,Monte Alegre,PA,0.75,13.63,85.07000000000001,0.56,0.56,17.41,77.19,4.85,0.14,14.19,71.63000000000001,14.03
1504901,Muaná,PA,1.39,36.99,61.36,0.26,0.6,2.05,95.44,1.91,0.04,7.41,80.52,12.03
1504950,Nova Esperança do Piriá,PA,0.43,8.56,89.94000000000001,1.06,0.66,3.81,89.39,6.14,0.0,3.04,71.08,25.88
1504976,Nova Ipixuna,PA,8.23,12.12,77.47,2.19,0.5,2.06,76.75999999999999,20.67,0.04,0.15,40.38,59.44
1505007,Nova Timboteua,PA,7.04,45.24,47.06,0.66,0.52,11.46,82.22999999999999,5.79,0.15,13.5,82.28,4.07
1505031,Novo Progresso,PA,18.29,33.88,47.75,0.07,0.32,1.11,95.87,2.7,0.09,40.96,49.21000000000001,9.74
1505064,Novo Repartimento,PA,8.26,11.27,77.56,2.9,7.07,8.69,64.64,19.6,7.08,3.46,51.38,38.07
1505106,Óbidos,PA,1.02,26.13,71.78,1.07,0.36,1.56,93.86,4.22,0.13,5.68,87.63,6.56
1505205,Oeiras do Pará,PA,0.28,5.09,94.3,0.32,0.4,4.06,90.8,4.74,0.03,4.73,80.0,15.25
1505304,Oriximiná,PA,13.96,32.91,51.73,1.39,7.7,30.06,59.44,2.8,8.5,15.42,72.07,4.0
1505403,Ourém,PA,1.15,21.33,77.42,0.1,0.34,12.65,82.97,4.04,0.1,19.54,74.92999999999999,5.42
1505437,Ourilândia do Norte,PA,5.88,14.38,78.43,1.3,1.5,32.28,60.05,6.17,0.12,4.48,47.20000000000001,48.2
1505486,Pacajá,PA,0.42,20.28,73.61,5.68,0.04,11.49,59.08,29.4,0.0,2.74,34.190000000000005,63.06
1505494,Palestina do Pará,PA,0.18,1.0,96.77,2.05,0.25,0.2,89.23000000000002,10.31,0.19,4.04,65.86,29.91
1505502,Paragominas,PA,21.34,28.8,49.64,0.22,2.03,10.93,85.17,1.86,1.11,26.47,63.08,9.35
1505536,Parauapebas,PA,28.34,38.74,32.85,0.06,15.51,31.12,51.63,1.74,18.79,39.48,32.52,9.21
1505551,Pau D'Arco,PA,1.26,8.76,85.33999999999999,4.63,0.06,0.79,83.36,15.8,0.06,12.88,48.8,38.26
1505601,Peixe-Boi,PA,0.71,1.32,97.8,0.17,0.41,35.31,60.98,3.3,0.0,0.16,94.97,4.87
1505635,Piçarra,PA,0.42,32.42,64.62,2.55,0.0,3.03,76.35,20.63,0.04,13.42,42.98,43.57
1505650,Placas,PA,0.19,8.2,89.35,2.26,0.11,1.4,92.22,6.27,0.0,0.5,67.88000000000001,31.62
1505700,Ponta de Pedras,PA,9.33,24.25,66.12,0.3,9.68,12.25,75.81,2.26,9.33,8.54,73.13000000000001,9.0
1505809,Portel,PA,0.41,1.51,91.78,6.31,0.28,11.09,67.24000000000001,21.39,0.03,3.76,54.96,41.24
1505908,Porto de Moz,PA,4.85,28.48,65.32,1.35,1.65,11.34,79.59,7.43,1.01,15.37,60.16,23.47
1506005,Prainha,PA,0.66,13.66,85.11999999999999,0.55,0.13,4.86,89.10000000000001,5.9,0.06,5.13,82.23,12.58
1506104,Primavera,PA,1.47,42.69,55.47,0.37,1.32,38.92,56.36,3.4,0.0,18.28,65.55,16.17
1506112,Quatipuru,PA,3.4,65.77,30.44,0.38,0.2,41.44,51.92,6.45,0.0,22.03,64.03,13.94
1506138,Redenção,PA,10.11,35.94,53.66,0.28,0.28,9.91,87.28,2.52,0.1,46.92,41.580000000000005,11.41
1506161,Rio Maria,PA,1.52,11.47,86.36999999999999,0.65,0.35,9.02,87.35,3.28,0.27,17.53,58.93,23.28
1506187,Rondon do Pará,PA,3.43,6.34,89.11999999999999,1.1,2.74,0.61,87.44,9.21,1.54,5.54,72.57,20.35
1506195,Rurópolis,PA,0.46,20.76,77.91999999999999,0.85,0.32,5.8,89.8,4.07,0.06,4.27,77.57,18.1
1506203,Salinópolis,PA,10.4,43.21,46.12,0.27,1.73,46.84,47.32,4.11,1.58,29.96,62.17,6.29
1506302,Salvaterra,PA,5.52,28.44,65.6,0.43,0.28,5.07,89.62,5.03,0.09,32.45,56.940000000000005,10.52
1506351,Santa Bárbara do Pará,PA,2.93,87.62,9.02,0.44,1.01,9.22,85.89,3.88,0.25,50.77,44.02,4.96
1506401,Santa Cruz do Arari,PA,15.64,22.59,61.15,0.62,2.47,9.99,78.94,8.59,0.62,3.62,85.10000000000001,10.65
1506500,Santa Izabel do Pará,PA,8.09,39.27,52.470000000000006,0.17,0.89,10.16,86.30000000000001,2.66,0.52,46.14,46.75000000000001,6.58
1506559,Santa Luzia do Pará,PA,0.81,23.75,75.23,0.22,0.75,22.33,72.23,4.69,0.05,15.45,76.18,8.31
1506583,Santa Maria das Barreiras,PA,1.84,20.2,74.04,3.92,0.0,16.24,67.5,16.26,0.0,14.98,31.02,53.99
1506609,Santa Maria do Pará,PA,7.83,14.61,77.24,0.33,0.63,4.37,92.17,2.84,0.1,33.83,56.78000000000001,9.27
1506708,Santana do Araguaia,PA,7.57,16.15,76.03,0.27,0.32,16.11,77.23,6.33,0.29,27.48,34.13,38.1
1506807,Santarém,PA,11.12,41.76,46.99000000000001,0.14,1.98,38.31,58.64,1.06,0.52,28.84,67.49,3.14
1506906,Santarém Novo,PA,1.02,63.18,35.7,0.1,1.55,42.02,55.33,1.1,0.0,14.53,80.68000000000002,4.78
1507003,Santo Antônio do Tauá,PA,1.95,64.62,33.25,0.18,0.44,10.13,85.74000000000001,3.69,0.21,34.19,62.36,3.25
1507102,São Caetano de Odivelas,PA,6.97,24.45,68.16,0.42,0.4,6.32,87.89999999999999,5.38,0.0,25.2,70.20999999999998,4.6
1507151,São Domingos do Araguaia,PA,1.37,24.99,72.67999999999999,0.97,0.55,9.38,79.82999999999998,10.24,0.02,0.85,75.69999999999999,23.42
1507201,São Domingos do Capim,PA,1.03,12.88,83.23,2.87,0.31,7.53,77.06,15.1,0.18,1.78,51.88,46.16
1507300,São Félix do Xingu,PA,2.81,29.56,65.28000000000002,2.36,0.34,21.84,70.87,6.95,0.12,6.0,33.65,60.23
1507409,São Francisco do Pará,PA,13.15,52.41,34.169999999999995,0.26,0.41,38.09,60.1,1.4,0.16,32.88,62.940000000000005,4.01
1507458,São Geraldo do Araguaia,PA,23.29,26.29,49.44,0.99,16.68,7.69,64.15,11.48,0.03,6.19,62.040000000000006,31.73
1507466,São João da Ponta,PA,11.47,19.71,68.06,0.76,0.22,22.3,72.75,4.74,0.0,20.93,74.28,4.78
1507474,São João de Pirabas,PA,2.79,8.64,87.98,0.6,0.3,9.99,83.42000000000002,6.29,0.03,16.38,76.41999999999999,7.17
1507508,São João do Araguaia,PA,14.12,16.67,65.94,3.26,0.37,14.93,72.73,11.98,0.16,1.27,45.1,53.48
1507607,São Miguel do Guamá,PA,5.08,26.53,68.0,0.4,0.62,8.03,86.69,4.67,0.17,6.14,82.71,10.99
1507706,São Sebastião da Boa Vista,PA,2.13,31.02,66.62,0.23,0.6,2.66,93.08,3.65,0.0,7.62,83.77,8.61
1507755,Sapucaia,PA,1.58,10.36,88.0,0.06,2.42,0.36,95.08,2.14,0.11,0.54,90.25,9.1
1507805,Senador José Porfírio,PA,0.35,2.06,94.73,2.86,0.39,6.14,77.00999999999999,16.45,0.03,6.32,69.42999999999999,24.21
1507904,Soure,PA,1.26,53.07,45.46999999999999,0.2,0.47,65.08,26.880000000000003,7.58,0.15,36.93,52.900000000000006,10.01
1507953,Tailândia,PA,5.18,31.9,62.61,0.32,1.24,4.42,92.37,1.98,2.44,20.92,67.92999999999999,8.71
1507961,Terra Alta,PA,0.36,5.54,94.01,0.09,0.15,0.58,97.73,1.54,0.24,14.74,81.19,3.83
1507979,Terra Santa,PA,12.91,5.18,81.83,0.08,0.5,12.0,86.33,1.16,0.16,8.8,86.07,4.96
1508001,Tomé-Açu,PA,3.73,18.54,76.59999999999998,1.12,0.88,1.96,91.45,5.71,0.79,31.23,53.35000000000001,14.62
1508035,Tracuateua,PA,0.62,4.82,94.29,0.27,0.14,0.69,98.19,0.97,0.11,9.66,86.81000000000002,3.41
1508050,Trairão,PA,0.06,0.49,99.13,0.32,0.0,1.47,92.97,5.56,0.0,4.03,81.28,14.69
1508084,Tucumã,PA,2.26,19.22,78.13,0.38,0.36,32.32,61.05,6.26,0.3,9.46,65.87,24.36
1508100,Tucuruí,PA,14.64,19.31,65.58,0.46,11.58,4.46,81.24000000000001,2.72,13.97,3.81,76.24,5.97
1508126,Ulianópolis,PA,10.99,7.62,80.97999999999999,0.4,0.91,9.11,83.46,6.51,0.05,1.78,68.58000000000001,29.59
1508159,Uruará,PA,7.62,12.94,76.08999999999999,3.33,0.11,2.98,87.38,9.54,0.03,5.39,62.8,31.77
1508209,Vigia,PA,6.28,28.35,65.17,0.2,0.68,6.93,87.76,4.63,1.51,38.27,53.35,6.88
1508308,Viseu,PA,4.2,28.9,66.39999999999999,0.51,0.26,19.32,75.99,4.43,0.1,7.24,84.64000000000001,8.02
1508357,Vitória do Xingu,PA,7.54,2.65,89.49,0.33,0.57,27.65,67.91,3.86,0.14,15.3,66.80000000000001,17.76
1508407,Xinguara,PA,4.91,53.8,41.11,0.19,0.53,14.24,81.11,4.12,0.13,1.36,86.32999999999998,12.18
1600055,Serra do Navio,AP,38.12,11.07,49.85,0.95,36.39,13.87,46.59,3.14,42.37,5.5,43.05,9.08
1600105,Amapá,AP,8.27,16.79,73.87,1.07,6.34,29.84,57.77,6.06,6.86,10.5,69.96000000000001,12.69
1600154,Pedra Branca do Amapari,AP,2.86,43.98,44.59,8.57,0.48,22.73,68.92,7.87,0.49,3.92,58.95,36.64
1600204,Calçoene,AP,0.25,43.63,55.68,0.43,0.53,11.58,79.53,8.37,0.98,2.41,69.53,27.09
1600212,Cutias,AP,1.04,2.85,96.11,0.0,0.19,0.58,92.93,6.3,0.18,3.19,93.45,3.19
1600238,Ferreira Gomes,AP,1.06,76.84,22.05,0.06,0.83,6.54,89.55000000000001,3.08,0.71,3.39,89.67999999999999,6.21
1600253,Itaubal,AP,0.88,21.68,77.00000000000001,0.44,1.48,16.56,78.91,3.06,0.57,10.25,80.84,8.35
1600279,Laranjal do Jari,AP,3.75,18.2,76.75,1.31,0.84,9.64,86.79,2.72,0.1,0.84,91.13,7.93
1600303,Macapá,AP,16.91,40.43,42.55,0.11,9.19,18.97,70.56,1.29,8.17,23.75,62.55,5.53
1600402,Mazagão,AP,4.53,34.39,60.120000000000005,0.96,3.67,2.23,90.42,3.67,3.88,9.8,74.44,11.87
1600501,Oiapoque,AP,2.14,7.57,89.85,0.44,4.39,23.61,69.95,2.05,4.92,1.44,81.59,12.05
1600535,Porto Grande,AP,1.6,8.1,89.75000000000001,0.56,0.32,23.58,72.74000000000001,3.37,0.6,5.65,88.91,4.83
1600550,Pracuúba,AP,0.11,0.88,97.92,1.1,0.12,2.12,95.01,2.75,0.0,10.19,80.58,9.22
1600600,Santana,AP,5.04,47.65,47.06,0.24,3.23,13.03,82.33999999999999,1.4,2.91,17.36,75.32000000000001,4.41
1600709,Tartarugalzinho,AP,1.45,19.42,78.29,0.84,0.18,12.0,80.50000000000001,7.32,0.0,1.31,72.28,26.41
1600808,Vitória do Jari,AP,5.62,10.68,82.83,0.86,0.29,13.44,81.88,4.39,0.73,0.47,81.67999999999999,17.12
1700251,Abreulândia,TO,1.08,8.0,89.94,0.97,1.45,13.16,69.08,16.32,0.0,4.11,43.22,52.68
1700301,Aguiarnópolis,TO,31.81,20.56,47.5,0.14,21.63,11.12,58.620000000000005,8.62,0.0,19.66,38.45,41.89
1700350,Aliança do Tocantins,TO,1.67,16.95,81.21,0.16,0.52,20.53,74.59000000000002,4.35,0.0,36.17,45.23,18.61
1700400,Almas,TO,0.43,18.52,77.72,3.32,0.91,30.06,53.73,15.3,0.21,3.28,50.37,46.14
1700707,Alvorada,TO,1.76,73.97,24.24,0.03,2.63,4.14,92.62,0.62,0.0,1.8,91.25,6.95
1701002,Ananás,TO,43.21,20.21,36.11,0.47,21.59,8.71,60.68,9.02,0.0,0.7,69.56,29.75
1701051,Angico,TO,1.23,86.24,8.84,3.69,0.24,0.95,83.72,15.08,0.0,0.46,57.190000000000005,42.35
1701101,Aparecida do Rio Negro,TO,1.21,9.46,87.46,1.87,0.4,1.76,88.47999999999999,9.36,0.0,0.24,70.45,29.3
1701309,Aragominas,TO,0.71,43.51,54.69,1.09,0.35,12.89,56.48,30.28,0.0,24.32,23.91,51.78
1701903,Araguacema,TO,32.8,3.35,63.120000000000005,0.73,0.11,21.88,61.00000000000001,17.01,0.15,5.73,70.49,23.62
1702000,Araguaçu,TO,0.49,11.66,87.74,0.1,0.2,2.02,95.8,1.98,0.08,2.31,74.49999999999999,23.12
1702109,Araguaína,TO,28.36,38.56,32.94,0.14,10.01,6.32,81.44,2.22,2.46,44.81,41.27,11.46
1702158,Araguanã,MA,0.56,22.93,74.15,2.37,0.66,14.21,80.14999999999999,4.99,0.67,0.28,59.96,39.08
1702208,Araguatins,TO,0.9,16.3,81.55000000000001,1.25,0.5,1.36,86.72,11.43,0.05,19.56,49.62,30.77
1702307,Arapoema,TO,4.94,6.27,88.63000000000001,0.15,0.87,10.94,84.21000000000001,3.99,0.12,10.54,49.2,40.14
1702406,Arraias,TO,1.02,7.3,83.32,8.37,0.57,25.23,52.67,21.53,0.22,1.72,52.23,45.84
1702554,Augustinópolis,TO,11.77,34.45,53.58,0.19,8.62,1.09,82.58,7.71,3.05,0.41,75.80999999999999,20.74
1702703,Aurora do Tocantins,TO,1.81,1.18,95.52,1.49,0.63,1.63,84.16,13.57,0.61,2.57,63.45,33.37
1702901,Axixá do Tocantins,TO,43.81,24.36,30.87,0.96,22.92,5.22,62.12,9.75,1.41,0.35,76.85,21.39
1703008,Babaçulândia,TO,2.65,21.74,72.28,3.32,0.32,21.32,54.72,23.65,0.18,0.09,38.12,61.62
1703057,Bandeirantes do Tocantins,TO,0.69,7.67,90.36,1.29,0.44,1.75,85.69,12.13,0.0,37.3,12.05,50.64
1703073,Barra do Ouro,TO,1.54,1.76,94.28,2.42,14.1,0.1,63.220000000000006,22.58,0.41,2.86,21.39,75.34
1703107,Barrolândia,TO,0.68,3.54,95.55,0.23,1.97,21.56,73.98,2.48,0.0,0.31,86.28,13.42
1703206,Bernardo Sayão,TO,0.2,9.87,88.61000000000001,1.32,2.01,12.2,82.88999999999999,2.9,0.0,8.83,53.5,37.67
1703305,Bom Jesus do Tocantins,TO,1.12,0.82,94.61,3.44,0.1,27.71,57.53,14.67,0.0,0.19,50.96,48.85
1703602,Brasilândia do Tocantins,TO,6.68,6.97,85.64,0.73,5.08,0.0,90.48,4.43,0.2,2.19,70.19000000000001,27.44
1703701,Brejinho de Nazaré,TO,15.8,10.71,73.44000000000001,0.06,0.2,9.82,85.83,4.15,0.0,0.66,85.08,14.25
1703800,Buriti do Tocantins,TO,2.91,23.08,73.52,0.49,0.22,20.46,76.16,3.16,0.0,0.18,72.06,27.76
1703826,Cachoeirinha,TO,10.82,2.51,84.95,1.72,16.79,0.71,70.72,11.79,0.49,0.0,65.92999999999999,33.58
1703842,Campos Lindos,TO,0.41,65.73,25.62,8.23,1.65,7.86,70.24000000000001,20.24,0.0,12.67,25.430000000000003,61.9
1703867,Cariri do Tocantins,TO,3.52,6.88,89.61,0.0,0.0,24.67,67.13,8.19,0.13,2.81,75.97000000000001,21.1
1703883,Carmolândia,TO,0.67,42.44,56.89,0.0,0.9,50.45,47.59,1.05,0.2,22.13,43.85,33.81
1703891,Carrasco Bonito,TO,2.27,11.56,86.17,0.0,12.9,19.3,61.83,5.97,0.0,0.29,58.06,41.65
1703909,Caseara,TO,0.49,2.46,95.45,1.6,2.91,3.5,89.33,4.25,0.22,0.11,71.14,28.52
1704105,Centenário,TO,0.65,30.31,53.37,15.67,0.0,26.21,36.32,37.46,0.2,1.39,23.71,74.7
1704600,Chapada de Areia,TO,0.71,14.39,83.31,1.6,0.22,2.64,83.25,13.88,0.3,2.4,29.04,68.26
1705102,Chapada da Natividade,TO,0.58,0.0,98.82999999999998,0.58,0.43,44.44,17.48,37.65,0.15,3.54,23.23,73.08
1705508,Colinas do Tocantins,TO,76.6,4.18,19.140000000000004,0.08,19.84,11.48,67.42,1.27,1.23,18.14,71.82000000000001,8.81
1705557,Combinado,TO,0.29,0.17,99.08,0.46,0.28,11.13,85.53,3.06,0.0,5.95,82.60000000000001,11.45
1705607,Conceição do Tocantins,TO,10.04,0.46,76.44000000000001,13.05,1.3,6.65,66.41000000000001,25.65,0.0,0.1,44.51,55.39
1706001,Couto Magalhães,TO,1.08,19.08,78.05,1.79,0.7,30.89,53.13,15.27,0.0,0.37,56.3,43.33
1706100,Cristalândia,TO,0.94,19.82,78.9,0.34,0.53,6.0,89.4,4.06,0.0,42.12,41.06999999999999,16.82
1706258,Crixás do Tocantins,TO,0.59,3.35,96.07,0.0,1.02,29.59,57.75,11.63,0.0,1.45,53.78,44.77
1706506,Darcinópolis,TO,29.1,2.46,64.12,4.32,22.09,23.77,32.66,21.48,0.0,0.4,61.07,38.52
1707009,Dianópolis,TO,4.09,8.39,85.82000000000001,1.7,0.72,14.65,75.23,9.41,1.1,4.52,73.78999999999999,20.58
1707108,Divinópolis do Tocantins,TO,1.46,23.25,74.85000000000001,0.43,0.15,6.58,83.33000000000001,9.93,0.07,4.32,59.76,35.86
1707207,Dois Irmãos do Tocantins,TO,0.92,20.52,75.33000000000001,3.23,0.04,16.57,51.00000000000001,32.4,0.05,0.0,53.36,46.59
1707306,Dueré,TO,0.92,6.58,92.07,0.43,0.55,13.83,78.56,7.05,0.09,0.51,68.57,30.83
1707405,Esperantina,TO,34.79,10.4,52.01,2.81,13.85,5.2,76.69,4.26,0.0,2.18,34.25,63.57
1707553,Fátima,TO,23.03,54.02,22.780000000000005,0.17,0.18,54.22,41.03,4.57,0.52,65.46,10.65,23.37
1707652,Figueirópolis,TO,2.26,15.14,82.59,0.0,0.35,56.11,41.93,1.61,0.0,0.39,85.23,14.39
1707702,Filadélfia,TO,2.15,38.15,56.46,3.25,0.79,7.32,80.2,11.7,0.45,30.52,10.52,58.51
1708205,Formoso do Araguaia,TO,2.87,50.5,43.89,2.74,2.88,15.28,70.47000000000001,11.37,1.92,5.61,62.17,30.3
1708254,Tabocão,TO,0.17,0.79,98.34,0.7,1.16,1.16,95.65,2.03,0.0,0.0,74.05,25.95
1708304,Goianorte,TO,0.53,4.14,94.21,1.12,0.07,9.63,72.81,17.5,0.0,0.0,50.2,49.8
1709005,Goiatins,TO,3.84,27.95,46.78,21.43,0.8,7.83,57.15,34.21,0.22,20.16,6.52,73.09
1709302,Guaraí,TO,51.4,7.49,40.970000000000006,0.14,8.96,14.79,73.01,3.24,0.4,8.08,77.47999999999999,14.03
1709500,Gurupi,TO,41.44,33.9,24.62,0.06,17.4,25.45,55.95,1.2,0.35,35.74,57.06999999999999,6.84
1709807,Ipueiras,TO,0.18,88.81,10.66,0.36,1.35,80.31,6.95,11.39,0.0,1.11,38.01,60.89
1710508,Itacajá,TO,34.94,3.01,49.14,12.91,18.62,20.74,37.55,23.09,0.06,6.17,50.31,43.45
1710706,Itaguatins,TO,35.82,24.28,38.18,1.72,17.53,8.52,60.43,13.52,0.14,0.0,38.07,61.79
1710904,Itapiratins,TO,0.31,14.13,80.3,5.26,0.0,0.19,65.94000000000001,33.87,0.0,18.48,12.28,69.25
1711100,Itaporã do Tocantins,TO,0.24,0.61,98.9,0.24,0.0,2.55,88.6,8.85,2.52,0.31,76.41999999999999,20.75
1711506,Jaú do Tocantins,TO,0.57,1.94,95.39,2.1,0.26,0.44,80.98,18.32,0.0,0.71,61.48,37.81
1711803,Juarina,TO,0.0,0.0,99.72,0.27,0.15,18.73,66.52,14.6,0.0,0.88,35.27,63.86
1711902,Lagoa da Confusão,TO,1.63,19.65,72.08999999999999,6.65,0.34,5.56,77.61000000000001,16.5,0.07,2.55,63.22,34.16
1711951,Lagoa do Tocantins,TO,7.12,1.59,80.99000000000001,10.3,0.11,28.81,50.61,20.47,0.0,0.72,46.94,52.34
1712009,Lajeado,TO,4.3,68.64,26.46,0.6,5.37,34.71,52.67999999999999,7.24,0.0,3.2,72.07000000000001,24.73
1712157,Lavandeira,TO,0.85,0.68,95.73,2.73,2.86,20.41,56.53,20.2,0.0,0.0,55.33,44.67
1712405,Lizarda,TO,0.81,70.62,11.25,17.33,0.69,51.87,9.87,37.57,0.49,7.38,16.240000000000002,75.89
1712454,Luzinópolis,TO,0.69,0.23,98.39,0.69,0.14,0.0,87.62,12.24,0.0,0.0,69.76,30.25
1712504,Marianópolis do Tocantins,TO,0.94,1.38,97.3,0.38,0.15,12.02,78.5,9.34,0.0,0.22,54.79,45.0
1712702,Mateiros,TO,2.1,0.49,85.2,12.21,2.7,9.17,60.97,27.16,0.0,1.47,31.67,66.86
1712801,Maurilândia do Tocantins,TO,0.7,3.31,81.97,14.03,0.0,16.0,55.53,28.47,0.0,0.32,45.29,54.38
1713205,Miracema do Tocantins,TO,3.41,25.62,70.43999999999998,0.53,0.74,13.16,83.92,2.17,0.32,1.27,77.59,20.81
1713304,Miranorte,TO,1.14,4.59,94.12999999999998,0.14,1.98,0.24,94.54,3.25,0.13,0.1,84.75,15.02
1713601,Monte do Carmo,TO,0.47,6.07,90.62,2.85,1.11,18.3,59.53,21.06,2.72,2.8,26.42,68.07
1713700,Monte Santo do Tocantins,TO,1.25,26.42,71.65,0.68,0.15,14.58,71.28000000000002,13.99,0.0,11.76,21.71,66.53
1713809,Palmeiras do Tocantins,TO,0.64,0.39,96.84,2.12,0.67,0.4,84.95,13.98,0.0,0.1,42.3,57.6
1713957,Muricilândia,TO,0.42,0.85,98.72,0.0,0.23,15.31,70.85,13.6,0.16,2.8,76.37,20.68
1714203,Natividade,TO,0.95,0.33,97.81,0.91,0.23,34.63,49.52,15.62,0.1,23.28,36.28,40.34
1714302,Nazaré,TO,0.52,2.22,96.54,0.72,1.23,0.65,94.93,3.19,0.0,2.5,55.61000000000001,41.88
1714880,Nova Olinda,TO,0.88,0.34,95.34,3.44,0.47,6.92,80.99000000000001,11.63,0.04,0.76,60.49,38.7
1715002,Nova Rosalândia,TO,0.77,63.07,35.99,0.17,1.84,0.09,95.43,2.63,0.0,0.73,71.02000000000001,28.24
1715101,Novo Acordo,TO,0.68,1.5,95.94,1.88,2.55,30.94,55.66,10.85,0.0,0.15,62.2,37.65
1715150,Novo Alegre,TO,22.01,10.03,67.41,0.56,0.0,17.71,76.34000000000002,5.95,0.18,0.53,87.97999999999999,11.31
1715259,Novo Jardim,TO,0.14,1.99,97.44,0.43,0.15,27.68,63.3,8.87,0.0,1.53,66.38000000000001,32.1
1715507,Oliveira de Fátima,TO,1.76,0.0,98.24,0.0,1.25,7.52,86.51,4.7,0.0,35.29,42.16,22.55
1715705,Palmeirante,TO,0.12,1.44,90.56,7.88,0.22,6.12,56.49,37.17,0.12,6.03,21.99,71.87
1715754,Palmeirópolis,TO,0.55,1.31,97.98,0.16,1.06,8.89,84.63,5.42,0.1,0.36,76.46000000000001,23.07
1716109,Paraíso do Tocantins,TO,19.74,19.83,60.31999999999999,0.1,6.61,12.96,78.9,1.53,0.2,12.69,79.71000000000001,7.39
1716208,Paranã,TO,0.79,40.6,42.45,16.16,0.07,1.04,62.32,36.57,0.17,0.7,27.63,71.51
1716307,Pau D'Arco,TO,1.6,34.99,63.12,0.29,0.38,12.39,75.07000000000001,12.16,0.0,1.08,57.18000000000001,41.73
1716505,Pedro Afonso,TO,1.86,19.16,78.12,0.87,2.45,49.79,42.05,5.71,0.23,0.14,84.66000000000001,14.98
1716604,Peixe,TO,23.55,20.57,55.5,0.38,9.33,11.89,64.31,14.47,0.04,6.36,42.6,51.0
1716653,Pequizeiro,TO,0.0,0.76,95.73,3.52,0.0,26.29,53.77,19.95,0.09,5.92,52.49,41.51
1716703,Colméia,TO,1.56,2.84,94.23,1.37,1.36,43.47,51.05,4.11,0.16,14.75,58.870000000000005,26.23
1717008,Pindorama do Tocantins,TO,1.81,0.27,91.95,5.97,0.65,23.37,58.09,17.89,0.31,2.93,37.3,59.46
1717206,Piraquê,TO,0.38,0.0,96.72,2.9,0.0,0.46,69.28999999999999,30.24,0.0,0.57,51.71,47.73
1717503,Pium,TO,0.25,14.24,83.31,2.19,0.45,18.31,71.79,9.43,0.0,1.54,67.0,31.47
1717800,Ponte Alta do Bom Jesus,TO,2.03,63.73,26.65,7.59,0.15,1.52,74.36,23.98,0.0,0.37,47.71,51.92
1717909,Ponte Alta do Tocantins,TO,0.48,17.33,78.18,4.0,2.27,0.74,74.46000000000001,22.53,0.07,0.28,46.15,53.5
1718006,Porto Alegre do Tocantins,TO,0.0,1.3,91.76,6.94,0.68,4.61,71.92,22.8,0.19,0.37,44.24,55.2
1718204,Porto Nacional,TO,48.77,22.79,28.21,0.22,42.32,22.72,31.730000000000004,3.24,0.28,1.55,88.79,9.39
1718303,Praia Norte,TO,25.92,5.58,68.22,0.29,19.02,0.87,69.1,11.01,0.0,0.37,54.76,44.88
1718402,Presidente Kennedy,TO,1.03,0.0,98.68,0.28,0.65,17.57,76.49,5.3,0.0,2.58,75.1,22.31
1718451,Pugmil,TO,1.02,0.64,98.33,0.0,0.56,0.83,98.47,0.14,0.0,2.44,40.85,56.71
1718501,Recursolândia,TO,0.29,0.29,93.87,5.56,0.22,12.96,42.18999999999999,44.63,0.16,11.09,22.34,66.4
1718550,Riachinho,TO,0.64,75.85,23.11,0.4,0.17,2.26,64.01,33.57,0.0,0.13,27.08,72.8
1718659,Rio da Conceição,TO,0.53,1.76,96.13,1.58,0.22,40.62,56.29,2.87,0.0,0.41,58.68,40.91
1718709,Rio dos Bois,TO,0.42,0.62,92.3,6.66,0.13,2.8,74.71,22.36,0.0,0.7,61.74,37.57
1718758,Rio Sono,TO,1.08,21.81,70.79,6.31,0.65,2.68,56.96,39.7,0.15,1.03,34.51,64.3
1718808,Sampaio,TO,20.97,38.04,40.84,0.16,19.26,0.7,72.32,7.72,0.0,1.3,53.57,45.13
1718840,Sandolândia,TO,8.47,23.26,65.37,2.9,0.0,4.01,90.83,5.16,0.0,0.78,74.91,24.3
1718865,Santa Fé do Araguaia,TO,0.38,0.76,96.88,1.99,0.71,26.29,65.52,7.46,0.17,9.25,42.94,47.65
1718881,Santa Maria do Tocantins,TO,0.65,7.05,89.15,3.15,0.0,12.87,65.56,21.57,0.0,15.74,31.67,52.59
1718899,Santa Rita do Tocantins,TO,0.77,2.95,95.9,0.38,0.15,39.19,48.35,12.31,0.0,34.23,19.610000000000003,46.15
1718907,Santa Rosa do Tocantins,TO,0.96,58.37,35.760000000000005,4.92,0.0,34.28,32.34,33.38,0.11,9.23,29.86,60.8
1719004,Santa Tereza do Tocantins,TO,1.41,1.41,96.83,0.35,1.36,0.45,86.23,11.95,0.22,0.22,64.57,35.0
1720002,Santa Terezinha do Tocantins,TO,0.0,2.4,94.57,3.03,0.15,0.29,79.06,20.5,0.0,0.36,56.00000000000001,43.64
1720101,São Bento do Tocantins,TO,2.05,39.59,56.02,2.35,0.26,3.34,79.94,16.47,0.0,0.13,45.01,54.87
1720150,São Félix do Tocantins,TO,0.0,1.27,95.46,3.27,0.29,68.12,3.19,28.41,0.0,1.24,31.95,66.8
1720200,São Miguel do Tocantins,TO,0.69,5.32,93.52,0.47,0.11,0.15,93.55,6.2,0.05,0.16,63.88,35.91
1720259,São Salvador do Tocantins,TO,3.15,16.43,77.50999999999999,2.91,1.21,15.5,69.38,13.92,0.0,0.77,35.59,63.64
1720309,São Sebastião do Tocantins,TO,0.57,0.16,97.08,2.19,1.85,2.32,90.18,5.65,0.0,0.0,64.05,35.95
1720499,São Valério,TO,0.47,0.06,95.76,3.72,0.59,4.76,78.59000000000002,16.06,0.23,35.92,7.44,56.42
1720655,Silvanópolis,TO,1.74,11.46,85.88,0.93,0.32,0.52,89.75,9.41,0.09,9.91,62.81,27.19
1720804,Sítio Novo do Tocantins,TO,17.79,30.95,50.8,0.46,7.99,4.55,74.66999999999999,12.79,0.24,1.13,69.20000000000002,29.43
1720853,Sucupira,TO,0.68,0.17,98.48,0.68,0.0,0.91,90.2,8.89,0.55,31.04,28.84,39.56
1720903,Taguatinga,TO,24.39,9.34,63.59,2.69,8.57,4.1,68.43,18.89,5.9,1.46,49.76,42.88
1720937,Taipas do Tocantins,TO,0.44,4.56,93.23,1.76,5.1,59.36,18.34,17.2,0.0,0.51,59.23,40.26
1720978,Talismã,TO,33.95,24.78,41.16,0.11,23.5,5.0,62.010000000000005,9.5,0.17,36.27,28.45,35.11
1721000,Palmas,TO,73.26,17.36,9.32,0.05,42.98,25.78,30.500000000000004,0.74,17.07,45.99,31.1,5.84
1721109,Tocantínia,TO,4.8,25.4,40.15,29.65,0.24,21.49,54.91,23.36,0.0,0.08,59.11,40.82
1721208,Tocantinópolis,TO,31.64,41.18,21.78,5.4,0.39,4.92,86.72000000000001,7.97,3.91,1.3,71.07000000000001,23.73
1721257,Tupirama,TO,2.58,4.71,91.34,1.37,1.46,23.85,59.21,15.48,0.0,0.65,46.25,53.09
1721307,Tupiratins,TO,0.15,45.28,48.82000000000001,5.75,0.15,49.54,50.15,0.15,0.0,15.0,28.83,56.18
1722081,Wanderlândia,TO,0.42,3.79,93.94,1.84,0.24,0.48,88.12,11.16,0.08,2.84,61.14,35.93
1722107,Xambioá,TO,1.91,27.55,70.14000000000001,0.4,0.47,6.15,83.8,9.57,0.04,0.46,77.2,22.3
2100055,Açailândia,MA,10.31,24.53,64.94,0.2,2.45,10.61,84.05,2.9,1.06,11.52,66.58999999999999,20.83
2100204,Alcântara,MA,5.44,26.29,66.07,2.21,0.94,5.65,83.9,9.52,0.3,11.5,50.34,37.87
2100402,Altamira do Maranhão,MA,17.69,30.82,49.43000000000001,2.05,0.91,3.3,75.98,19.81,0.05,5.33,21.14,73.47
2100436,Alto Alegre do Maranhão,MA,4.31,38.1,54.66,2.93,1.37,20.0,58.47,20.16,0.09,12.67,49.03,38.21
2100477,Alto Alegre do Pindaré,MA,1.1,16.32,81.16,1.41,1.27,8.26,73.77,16.69,0.0,1.44,42.09,56.47
2100501,Alto Parnaíba,MA,27.64,12.16,47.370000000000005,12.83,1.21,1.25,62.44,35.09,0.05,26.09,20.07,53.8
2100550,Amapá do Maranhão,MA,1.48,0.1,98.22,0.2,0.0,29.47,67.32,3.19,0.0,2.72,66.03,31.24
2100600,Amarante do Maranhão,MA,1.41,7.68,85.08,5.84,0.3,3.82,69.00999999999999,26.87,0.03,5.1,46.09,48.77
2100709,Anajatuba,MA,0.49,7.76,87.33999999999999,4.41,0.66,10.39,65.62,23.33,0.02,13.8,29.55,56.63
2100832,Apicum-Açu,MA,0.1,0.95,98.36,0.59,0.09,0.71,92.83,6.37,0.19,11.52,72.02,16.26
2100873,Araguanã,TO,13.76,68.26,17.38,0.61,2.08,37.69,56.13999999999999,4.09,0.11,16.5,58.69,24.7
2100956,Arame,MA,0.63,0.64,83.34,15.39,4.43,9.01,46.28,40.28,0.03,9.12,14.9,75.94
2101004,Arari,MA,4.46,4.06,89.59,1.9,3.67,46.53,42.22,7.58,0.39,32.45,34.42,32.75
2101103,Axixá,MA,0.63,29.72,66.86999999999999,2.78,0.59,32.93,47.91,18.59,0.0,5.4,41.25,53.34
2101202,Bacabal,MA,22.73,21.46,54.25,1.55,9.91,21.21,58.870000000000005,10.01,6.07,37.7,21.5,34.72
2101251,Bacabeira,MA,2.51,4.73,90.33,2.44,0.68,30.54,55.53,13.23,0.04,9.03,13.34,77.59
2101301,Bacuri,MA,0.82,16.68,81.60000000000001,0.9,0.26,13.25,84.99000000000001,1.5,0.09,1.58,89.0,9.33
2101350,Bacurituba,MA,0.4,34.1,64.75999999999999,0.75,0.14,0.43,85.03999999999999,14.39,0.1,10.78,47.89999999999999,41.22
2101400,Balsas,MA,11.91,56.45,29.47,2.16,0.71,17.72,74.53,7.04,0.17,43.7,37.91,18.23
2101608,Barra do Corda,MA,3.41,11.84,81.76,2.99,0.74,13.37,73.28999999999999,12.59,0.2,14.32,36.02,49.48
2101772,Bela Vista do Maranhão,MA,0.83,76.83,21.25,1.09,1.04,5.61,83.28,10.07,0.05,13.38,72.76,13.81
2101806,Benedito Leite,MA,2.05,2.56,88.38000000000001,7.0,1.41,32.77,34.47,31.36,0.0,10.5,14.86,74.64
2101905,Bequimão,MA,0.18,5.65,90.86,3.31,0.35,4.88,81.44,13.32,0.11,0.74,57.91,41.24
2101939,Bernardo do Mearim,MA,2.27,62.62,35.06,0.06,0.6,27.27,49.27,22.86,0.08,9.36,22.56,68.0
2101970,Boa Vista do Gurupi,MA,0.47,3.22,94.96,1.35,0.0,4.68,90.81,4.51,0.0,12.65,65.41,21.94
2102002,Bom Jardim,MA,6.4,39.22,52.150000000000006,2.24,1.42,2.52,82.34,13.72,0.5,13.2,6.9,79.39
2102036,Bom Jesus das Selvas,MA,1.73,1.66,94.06,2.54,2.15,20.51,71.42999999999999,5.91,0.03,0.47,53.17,46.34
2102077,Bom Lugar,MA,8.12,62.33,28.9,0.65,0.54,1.25,80.57,17.64,0.0,0.66,29.26,70.07
2102150,Brejo de Areia,MA,0.79,71.0,19.61,8.61,0.0,0.31,75.67,24.02,0.0,0.84,13.27,85.9
2102309,Buriti Bravo,MA,0.48,10.54,82.91999999999999,6.07,0.19,6.34,70.94,22.53,0.06,0.37,56.74,42.82
2102325,Buriticupu,MA,8.94,23.1,67.15,0.81,0.83,5.91,83.83999999999999,9.42,0.07,6.18,55.06,38.69
2102358,Buritirana,MA,0.22,1.85,97.51,0.41,0.4,4.0,84.14999999999999,11.44,0.0,1.53,65.47999999999999,32.99
2102374,Cachoeira Grande,MA,0.11,5.89,89.03999999999999,4.96,0.06,2.49,54.17999999999999,43.28,0.07,2.27,4.4,93.25
2102408,Cajapió,MA,0.32,0.86,97.64,1.18,0.31,30.97,49.65,19.07,0.3,3.65,65.02999999999999,31.02
2102507,Cajari,MA,0.33,3.22,92.13,4.32,0.72,3.57,78.53,17.18,0.11,6.29,28.31,65.29
2102556,Campestre do Maranhão,MA,17.39,43.36,38.6,0.65,0.65,1.39,93.92,4.04,0.04,17.69,52.49,29.79
2102606,Cândido Mendes,MA,0.14,1.07,98.36,0.42,0.07,18.8,75.52,5.6,0.03,9.72,74.08999999999999,16.16
2102705,Cantanhede,MA,1.71,20.64,70.45,7.2,0.81,33.42,49.37,16.4,0.11,13.76,24.34,61.79
2102754,Capinzal do Norte,MA,0.61,1.4,91.76,6.23,2.29,6.77,62.6,28.33,0.0,7.43,24.04,68.53
2102804,Carolina,MA,23.81,3.39,66.71,6.09,10.0,20.03,54.77,15.19,4.01,34.27,18.33,43.39
2102903,Carutapera,MA,3.72,2.55,93.02,0.71,0.34,20.0,71.42,8.24,0.68,8.47,79.16000000000001,11.69
2103109,Cedral,MA,0.84,74.05,24.73,0.37,1.0,0.73,94.35,3.93,0.15,1.65,37.16,61.05
2103125,Central do Maranhão,MA,0.18,1.09,97.24,1.49,0.91,6.27,90.9,1.92,0.06,0.56,63.63999999999999,35.74
2103158,Centro do Guilherme,MA,0.64,74.57,22.94,1.86,0.15,6.59,84.42,8.83,0.0,0.52,31.15,68.33
2103174,Centro Novo do Maranhão,MA,0.11,1.75,96.27,1.86,0.15,10.77,74.59,14.5,0.0,0.67,13.77,85.56
2103257,Cidelândia,MA,4.32,68.56,26.91,0.22,0.51,0.26,90.81,8.42,0.08,0.42,71.16,28.34
2103307,Codó,MA,13.48,39.78,38.67,8.07,9.75,15.13,52.86,22.25,4.76,17.12,34.02,44.09
2103505,Colinas,MA,1.47,9.42,83.44,5.67,0.32,4.32,70.03,25.32,0.01,13.55,31.98,54.46
2103554,Conceição do Lago-Açu,MA,2.36,45.7,46.14,5.8,0.12,2.37,60.5,37.02,0.0,0.27,6.8,92.93
2103604,Coroatá,MA,7.64,40.89,42.4,9.08,3.88,16.76,56.85,22.52,0.36,18.26,33.7,47.69
2103703,Cururupu,MA,3.27,31.78,64.22,0.72,0.31,2.35,93.35,3.99,0.08,15.14,74.02,10.76
2103752,Davinópolis,MA,9.39,32.33,57.82,0.46,0.03,20.92,73.92000000000002,5.12,0.04,19.39,65.81,14.77
2103802,Dom Pedro,MA,9.23,34.06,55.24,1.48,4.42,13.12,74.03,8.43,0.04,36.2,32.86,30.89
2104008,Esperantinópolis,MA,5.06,81.03,11.43,2.49,1.93,11.46,61.81,24.79,1.25,3.13,26.58,69.04
2104057,Estreito,MA,7.93,8.39,80.61000000000001,3.08,1.17,7.87,79.32,11.66,0.17,20.29,57.60999999999999,21.93
2104073,Feira Nova do Maranhão,MA,0.28,1.77,90.91,7.05,0.3,9.66,47.1,42.93,0.07,4.87,17.65,77.42
2104081,Fernando Falcão,MA,6.63,0.11,65.96000000000001,27.29,0.0,0.05,40.51,59.44,0.0,0.21,0.72,99.07
2104099,Formosa da Serra Negra,MA,0.59,0.33,79.55,19.54,0.05,1.7,53.97,44.28,0.0,0.39,11.79,87.81
2104107,Fortaleza dos Nogueiras,MA,0.28,12.58,84.91,2.23,0.46,2.88,76.35,20.32,0.14,0.5,34.25,65.11
2104206,Fortuna,MA,3.15,5.88,87.38000000000001,3.58,0.64,2.95,80.82000000000001,15.59,0.06,20.3,41.68,37.96
2104305,Godofredo Viana,MA,0.57,2.26,96.75,0.41,0.36,27.13,69.43,3.07,0.64,7.93,72.68,18.75
2104404,Gonçalves Dias,MA,1.97,7.49,79.39999999999999,11.14,0.55,2.74,65.28,31.43,0.25,20.59,19.14,60.02
2104503,Governador Archer,MA,3.17,0.24,90.66,5.93,2.33,6.56,71.76,19.36,0.0,9.95,39.17,50.88
2104552,Governador Edison Lobão,MA,4.37,59.11,36.28,0.24,1.01,32.44,62.540000000000006,4.0,0.12,9.59,66.27,24.01
2104602,Governador Eugênio Barros,MA,0.25,0.37,89.62,9.77,0.54,1.64,64.67999999999999,33.15,0.06,9.96,22.2,67.78
2104628,Governador Luiz Rocha,MA,0.41,0.0,95.97,3.62,0.26,18.97,56.24,24.52,0.0,10.69,26.75,62.56
2104651,Governador Newton Bello,MA,2.14,55.88,40.23,1.75,0.92,1.91,76.09,21.07,0.08,0.49,15.39,84.04
2104677,Governador Nunes Freire,MA,6.16,11.52,82.06,0.27,0.19,39.72,55.02,5.07,0.02,10.95,43.77,45.27
2104701,Graça Aranha,MA,1.11,0.46,95.25,3.19,0.77,2.71,77.92,18.61,0.0,18.81,49.42,31.77
2104800,Grajaú,MA,2.34,9.46,79.15,9.06,1.67,3.39,73.45,21.49,1.19,0.83,47.3,50.68
2104909,Guimarães,MA,0.4,33.53,65.44,0.63,0.6,1.92,95.04000000000002,2.44,0.0,0.87,91.21,7.92
2105104,Icatu,MA,3.28,11.53,82.05999999999999,3.12,0.43,4.4,87.41,7.76,0.14,1.24,51.510000000000005,47.1
2105153,Igarapé do Meio,MA,6.15,20.38,72.27,1.19,0.17,1.13,82.66,16.04,0.05,8.35,15.8,75.8
2105203,Igarapé Grande,MA,12.35,19.71,67.23,0.71,2.21,15.55,66.33999999999999,15.9,1.56,19.63,22.940000000000005,55.86
2105302,Imperatriz,MA,46.6,36.97,16.32,0.1,35.49,14.46,48.4,1.64,24.72,39.99,25.489999999999995,9.79
2105351,Itaipava do Grajaú,MA,3.7,39.52,47.91,8.87,1.34,1.71,58.35,38.6,0.0,1.49,6.3,92.22
2105401,Itapecuru Mirim,MA,12.01,13.95,71.72,2.32,2.29,29.58,57.06,11.07,0.2,26.97,26.39,46.44
2105427,Itinga do Maranhão,MA,1.11,13.15,85.38,0.37,1.33,7.05,85.94,5.68,0.11,18.02,63.24,18.63
2105450,Jatobá,MA,0.88,5.7,91.01,2.41,3.18,28.2,48.5,20.11,0.09,3.89,39.76,56.26
2105476,Jenipapo dos Vieiras,MA,10.32,0.11,77.11999999999999,12.44,0.52,2.12,46.370000000000005,50.99,0.0,2.84,14.88,82.27
2105500,João Lisboa,MA,3.23,39.67,56.68000000000001,0.42,0.52,6.68,87.72000000000001,5.07,0.09,1.74,73.44,24.73
2105609,Joselândia,MA,1.37,21.0,73.4,4.23,0.56,2.3,63.58,33.55,0.76,7.94,12.74,78.56
2105658,Junco do Maranhão,MA,1.4,0.0,97.54,1.07,0.2,51.22,40.57,8.01,0.0,9.02,64.45,26.52
2105708,Lago da Pedra,MA,3.26,25.58,67.88,3.27,5.78,12.38,68.12,13.72,3.52,0.97,39.11,56.4
2105807,Lago do Junco,MA,6.0,47.54,42.95,3.52,7.94,12.46,55.34,24.26,2.31,2.88,47.50000000000001,47.31
2105906,Lago Verde,MA,1.63,40.92,55.4,2.07,0.49,11.73,60.72,27.06,0.0,14.3,14.78,70.92
2105948,Lago dos Rodrigues,MA,1.14,5.46,92.82,0.57,0.19,0.73,81.66,17.42,0.05,21.71,40.51,37.72
2105963,Lagoa Grande do Maranhão,MA,0.92,1.31,96.62,1.16,0.12,3.87,79.82000000000001,16.18,0.0,2.07,9.63,88.3
2105989,Lajeado Novo,MA,1.79,66.23,30.820000000000004,1.15,0.22,5.63,61.61,32.55,0.0,16.95,29.28,53.77
2106003,Lima Campos,MA,19.27,38.32,39.36,3.06,8.12,1.07,76.76,14.05,1.81,19.34,43.77,35.08
2106102,Loreto,MA,1.0,79.43,16.76,2.81,1.16,12.81,55.620000000000005,30.41,0.0,6.24,34.580000000000005,59.18
2106201,Luís Domingues,MA,0.8,1.56,97.45,0.19,0.38,35.48,56.260000000000005,7.88,0.0,0.17,85.64,14.19
2106326,Maracaçumé,MA,0.2,8.35,91.15,0.3,0.09,41.15,53.63,5.14,0.17,10.78,70.99,18.06
2106359,Marajá do Sena,MA,0.21,16.11,68.88000000000001,14.81,0.11,7.28,27.46,65.15,0.0,0.43,9.92,89.65
2106375,Maranhãozinho,MA,2.53,0.78,95.52,1.17,0.48,43.65,41.0,14.86,0.06,1.96,31.21,66.77
2106508,Matinha,MA,0.37,2.7,95.77,1.17,0.5,9.65,79.91000000000001,9.94,0.1,9.0,54.870000000000005,36.03
2106631,Matões do Norte,MA,7.4,5.56,78.15,8.89,0.71,1.7,61.49,36.1,0.0,7.3,3.06,89.64
2106706,Mirador,MA,1.38,3.8,80.18,14.63,0.94,1.59,54.31,43.15,0.05,13.57,16.89,69.49
2106755,Miranda do Norte,MA,11.48,17.18,70.64000000000001,0.7,0.9,5.6,89.94,3.56,0.11,27.36,44.81,27.72
2106805,Mirinzal,MA,13.68,50.52,35.32000000000001,0.49,0.17,3.5,93.59,2.74,0.0,0.18,82.42,17.39
2106904,Monção,MA,1.26,16.3,80.77000000000001,1.67,2.4,5.21,78.89,13.5,0.07,6.22,64.36000000000001,29.34
2107001,Montes Altos,MA,1.39,76.52,12.98,9.11,0.13,5.49,64.03,30.36,0.04,1.6,36.25,62.1
2107100,Morros,MA,0.39,10.91,83.31,5.4,1.09,2.2,74.52,22.19,0.07,0.4,30.98,68.55
2107258,Nova Colinas,MA,0.14,1.22,91.65,6.99,0.08,0.51,73.07000000000001,26.35,0.0,4.18,18.94,76.88
2107308,Nova Iorque,MA,29.09,11.99,40.77,18.14,1.66,13.42,46.56,38.36,14.51,0.28,40.3,44.92
2107357,Nova Olinda do Maranhão,MA,1.28,19.5,78.16,1.05,0.64,1.83,89.58999999999999,7.93,0.1,13.25,55.67999999999999,30.98
2107407,Olho d'Água das Cunhãs,MA,2.56,46.68,49.81,0.95,1.73,11.26,73.89,13.12,0.27,28.36,21.94,49.43
2107456,Olinda Nova do Maranhão,MA,3.39,2.36,91.21,3.05,0.31,7.58,66.9,25.22,0.09,2.42,35.61,61.88
2107506,Paço do Lumiar,MA,42.38,42.57,14.829999999999998,0.22,29.52,25.67,43.28,1.52,37.91,16.19,28.84,17.07
2107605,Palmeirândia,MA,2.29,28.74,63.650000000000006,5.31,0.4,3.07,66.14,30.38,0.08,0.59,39.10999999999999,60.22
2107704,Paraibano,MA,4.33,0.24,94.14,1.29,1.08,4.78,76.98,17.15,0.02,1.27,63.21,35.49
2108009,Pastos Bons,MA,0.25,3.43,92.29,4.04,0.36,4.5,74.27,20.86,0.09,0.41,49.190000000000005,50.32
2108108,Paulo Ramos,MA,1.59,29.23,66.02,3.16,0.25,2.25,69.83,27.67,0.2,0.64,39.91,59.26
2108207,Pedreiras,MA,28.33,21.48,49.650000000000006,0.55,19.45,21.88,49.33,9.35,17.1,27.41,24.91,30.58
2108256,Pedro do Rosário,MA,0.29,10.33,86.92,2.46,0.55,3.52,77.62,18.33,0.06,0.39,36.5,63.07
2108306,Penalva,MA,0.69,7.65,89.35,2.31,0.37,4.9,80.01,14.73,0.07,7.76,54.89000000000001,37.28
2108405,Peri Mirim,MA,0.48,7.56,91.2,0.77,0.33,12.87,78.09,8.7,0.03,0.62,69.88999999999999,29.46
2108454,Peritoró,MA,1.05,15.55,64.43,18.97,1.32,9.01,53.06,36.59,0.1,6.69,14.73,78.48
2108504,Pindaré-Mirim,MA,20.32,46.61,32.3,0.76,2.09,5.29,85.13000000000001,7.49,0.14,29.94,46.53,23.4
2108603,Pinheiro,MA,2.81,15.44,80.66000000000001,1.08,1.03,49.69,43.72,5.57,0.14,13.39,65.82,20.65
2108702,Pio XII,MA,8.5,39.84,46.63,5.02,0.3,1.69,82.11,15.9,0.14,6.48,34.95000000000001,58.44
2108801,Pirapemas,MA,0.67,10.44,83.55000000000001,5.34,0.62,12.99,57.330000000000005,29.05,0.0,6.42,25.57,68.0
2108900,Poção de Pedras,MA,13.29,48.71,35.15,2.86,9.93,13.67,59.34,17.06,5.23,18.63,11.94,64.22
2109007,Porto Franco,MA,7.35,15.1,75.52000000000001,2.02,0.41,2.71,84.73,12.15,0.05,40.01,37.18,22.77
2109056,Porto Rico do Maranhão,MA,0.48,88.41,10.41,0.69,0.51,30.64,63.02,5.83,0.0,1.55,75.35,23.1
2109106,Presidente Dutra,MA,8.84,19.9,70.55,0.72,4.21,19.08,65.88,10.82,0.41,38.91,23.4,37.28
2109205,Presidente Juscelino,MA,0.28,14.33,75.91999999999999,9.46,0.24,18.8,41.38,39.57,0.14,1.01,28.94,69.9
2109239,Presidente Médici,RO,5.21,25.89,68.80999999999999,0.08,0.76,0.88,97.19,1.17,0.28,0.51,89.67999999999999,9.53
2109270,Presidente Sarney,MA,4.26,6.93,88.11999999999999,0.69,0.17,2.07,90.71999999999998,7.03,0.07,1.65,51.52,46.75
2109304,Presidente Vargas,MA,2.76,3.86,88.78000000000002,4.6,0.12,4.82,70.72999999999999,24.33,0.05,7.82,19.81,72.33
2109452,Raposa,MA,7.48,30.0,61.47,1.05,1.27,16.19,77.07,5.46,0.28,7.89,56.45,35.38
2109502,Riachão,MA,0.27,19.9,69.71,10.12,0.68,9.61,64.69000000000001,25.01,0.22,20.09,9.85,69.84
2109551,Ribamar Fiquene,MA,12.24,2.18,84.10000000000001,1.48,0.47,20.36,61.03,18.14,0.0,13.81,6.8,79.4
2109601,Rosário,MA,5.01,35.4,57.57,2.02,2.01,5.5,87.83999999999999,4.65,0.51,4.11,71.83999999999999,23.55
2109700,Sambaíba,MA,0.48,17.93,64.56,17.03,0.0,16.22,44.63,39.15,0.0,0.28,43.22,56.49
2109759,Santa Filomena do Maranhão,MA,0.5,11.54,77.86,10.09,0.8,9.87,43.2,46.12,0.0,10.07,4.430000000000001,85.5
2109809,Santa Helena,MA,0.41,11.54,82.45,5.6,0.16,4.35,90.69,4.81,0.11,0.32,29.32,70.25
2109908,Santa Inês,MA,26.3,43.08,30.33,0.29,7.25,28.81,60.44,3.5,3.99,49.17,28.09,18.75
2110005,Santa Luzia,MA,6.04,14.74,76.67,2.54,1.25,8.47,70.92,19.36,0.32,14.22,23.25,62.2
2110039,Santa Luzia do Paruá,MA,0.36,4.49,94.84,0.31,0.24,14.39,78.62,6.74,0.1,17.77,42.47,39.67
2110203,Santa Rita,MA,1.02,4.12,91.19,3.68,0.2,13.51,69.91000000000001,16.38,0.02,0.4,39.370000000000005,60.21
2110302,Santo Antônio dos Lopes,MA,13.0,17.55,65.5,3.94,1.1,4.07,57.47,37.37,0.09,17.37,18.83,63.71
2110500,São Bento,MA,0.82,3.91,91.81,3.46,2.03,8.23,72.02,17.74,0.16,7.15,50.74,41.96
2110658,São Domingos do Azeitão,MA,0.36,19.52,77.68,2.45,0.42,0.77,82.43,16.38,0.0,25.08,47.06,27.85
2110708,São Domingos do Maranhão,MA,4.09,11.23,82.86,1.83,1.49,18.37,63.73,16.41,0.18,17.63,39.040000000000006,43.15
2110807,São Félix de Balsas,MA,0.14,3.75,75.55,20.57,0.0,0.99,58.59,40.43,0.09,1.81,29.64,68.45
2110856,São Francisco do Brejão,MA,0.32,12.16,87.09,0.42,0.41,8.67,83.71,7.21,0.13,22.49,58.18,19.2
2111003,São João Batista,MA,0.1,12.79,85.12,2.0,0.69,22.36,61.620000000000005,15.33,0.02,10.85,47.34,41.78
2111029,São João do Carú,MA,1.03,4.1,92.09,2.77,0.23,1.0,79.02999999999999,19.74,0.0,2.83,32.54,64.62
2111052,São João do Paraíso,MA,0.75,0.53,94.36,4.37,0.21,2.3,64.06,33.44,0.05,14.55,3.0500000000000003,82.36
2111078,São João do Soter,MA,1.75,46.85,30.950000000000003,20.45,0.07,2.63,52.54,44.77,0.03,1.72,23.02,75.24
2111201,São José de Ribamar,MA,32.27,46.91,20.49,0.32,9.72,36.0,51.93,2.35,9.28,31.52,39.25,19.95
2111250,São José dos Basílios,MA,0.62,0.47,94.54,4.36,1.82,0.16,61.72,36.3,0.06,10.39,8.87,80.68
2111300,São Luís,MA,53.64,29.6,16.49,0.27,46.68,19.77,31.65,1.9,41.3,11.14,32.42,15.14
2111409,São Luís Gonzaga do Maranhão,MA,18.9,40.54,34.19,6.37,1.34,7.65,62.53,28.48,0.47,0.74,25.78,73.0
2111508,São Mateus do Maranhão,MA,9.37,17.86,68.37,4.41,0.6,6.89,75.39,17.12,0.18,0.22,65.83,33.77
2111532,São Pedro da Água Branca,MA,2.54,1.68,94.94,0.84,0.23,3.75,87.21,8.8,0.16,19.16,62.87,17.8
2111573,São Pedro dos Crentes,MA,6.96,0.64,88.48000000000002,3.92,0.09,0.18,72.03,27.69,0.0,13.56,25.15,61.28
2111607,São Raimundo das Mangabeiras,MA,3.59,13.19,77.11999999999999,6.09,0.11,5.43,77.60999999999999,16.85,0.06,1.48,38.81,59.65
2111631,São Raimundo do Doca Bezerra,MA,0.18,13.65,82.91000000000001,3.26,0.07,13.83,60.24,25.86,0.0,3.23,1.54,95.23
2111672,São Roberto,MA,2.86,30.55,63.6,3.0,0.15,24.16,30.7,44.98,0.0,0.57,9.71,89.71
2111706,São Vicente Ferrer,MA,0.27,16.1,79.93,3.7,0.14,4.2,62.2,33.46,0.0,8.14,26.98,64.88
2111722,Satubinha,MA,1.35,18.0,76.21,4.45,0.68,3.32,67.2,28.79,0.0,1.28,9.53,89.19
2111748,Senador Alexandre Costa,MA,0.0,0.46,92.55,6.97,0.08,2.17,61.71,36.03,0.0,5.31,33.43,61.25
2111763,Senador La Rocque,MA,16.13,10.38,72.83,0.65,1.28,17.03,73.24000000000001,8.44,0.17,6.02,68.66,25.15
2111789,Serrano do Maranhão,MA,1.43,37.17,60.13,1.27,0.4,0.26,93.48,5.85,0.15,1.0,93.04,5.82
2111805,Sítio Novo,MA,2.31,10.56,77.36999999999999,9.76,0.41,3.15,52.10999999999999,44.33,0.07,19.18,13.65,67.1
2111904,Sucupira do Norte,MA,2.43,8.38,83.10999999999999,6.08,0.11,1.11,70.74,28.04,0.0,0.56,46.64,52.79
2112001,Tasso Fragoso,MA,26.54,11.26,52.31,9.89,0.57,1.34,69.06,29.03,0.15,23.69,10.69,65.47
2112100,Timbiras,MA,3.25,25.68,57.89999999999999,13.17,0.26,14.62,54.23,30.88,0.16,8.1,27.69,64.05
2112233,Trizidela do Vale,MA,20.68,40.04,38.3,0.98,1.71,13.76,73.44,11.09,1.45,11.4,47.42,39.72
2112274,Tufilândia,MA,5.49,12.51,78.36,3.64,2.4,2.84,75.75,19.01,0.0,2.41,64.72,32.86
2112308,Tuntum,MA,11.98,2.6,80.42000000000002,5.0,5.27,6.77,66.03999999999999,21.91,1.24,12.46,18.320000000000004,67.98
2112407,Turiaçu,MA,0.32,0.23,98.6,0.84,0.51,6.8,86.28999999999999,6.4,0.14,3.06,57.010000000000005,39.77
2112456,Turilândia,MA,0.51,3.13,96.05,0.31,0.33,6.09,84.11999999999999,9.45,0.0,0.27,28.63,71.1
2112704,Vargem Grande,MA,5.85,6.99,74.94999999999999,12.2,5.08,14.95,51.62,28.34,0.07,0.76,24.57,74.61
2112803,Viana,MA,7.43,22.02,68.87,1.68,0.17,29.6,60.580000000000005,9.64,0.07,16.49,45.83,37.61
2112852,Vila Nova dos Martírios,MA,1.51,2.84,94.9,0.75,0.4,0.58,92.51,6.51,0.0,3.27,58.150000000000006,38.58
2112902,Vitória do Mearim,MA,1.26,0.61,96.99,1.14,2.32,16.95,75.88000000000001,4.85,0.35,25.98,57.9,15.77
2113009,Vitorino Freire,MA,1.33,14.99,81.97999999999999,1.71,1.28,9.55,76.79999999999998,12.38,0.14,3.69,49.41999999999999,46.75
2114007,Zé Doca,MA,5.06,23.07,71.19,0.69,1.61,8.07,82.66999999999999,7.64,0.28,18.03,44.760000000000005,36.94
5100102,Acorizal,MT,1.54,13.56,84.67,0.22,0.46,7.81,90.75,0.98,0.07,60.61,3.53,35.8
5100201,Água Boa,MT,7.97,17.43,74.11,0.49,2.1,12.01,84.79,1.11,1.21,6.97,82.53,9.29
5100250,Alta Floresta,MT,31.83,14.31,53.85,0.0,14.77,3.28,81.62,0.32,0.38,4.95,90.96,3.72
5100300,Alto Araguaia,MT,15.95,7.53,76.52000000000001,0.0,4.58,3.04,91.28,1.11,25.93,8.29,59.080000000000005,6.69
5100359,Alto Boa Vista,MT,1.4,67.49,22.61,8.51,0.0,25.97,65.44,8.59,0.0,14.8,56.11000000000001,29.1
5100409,Alto Garças,MT,1.99,4.84,93.15,0.02,2.19,1.43,95.32,1.05,1.81,0.6,92.6,4.99
5100508,Alto Paraguai,MT,19.26,4.74,75.7,0.3,7.61,15.02,64.57000000000001,12.82,1.11,0.4,68.65,29.84
5100607,Alto Taquari,MT,1.81,4.42,93.77,0.0,1.59,0.25,98.13,0.04,0.43,9.08,88.85,1.64
5100805,Apiacás,MT,0.89,9.98,87.03,2.1,0.85,4.59,90.71,3.86,0.23,1.77,73.69,24.32
5101001,Araguaiana,MT,0.27,2.75,96.91,0.07,0.18,2.85,95.39,1.56,0.1,3.42,90.84,5.64
5101209,Araguainha,MT,3.92,4.66,91.19,0.25,9.56,0.0,89.67,0.78,0.0,0.0,88.25,11.75
5101258,Araputanga,MT,23.32,12.44,64.2,0.04,9.77,1.32,88.16,0.75,3.51,6.54,87.18,2.77
5101308,Arenápolis,MT,5.59,27.68,66.74,0.0,4.95,12.77,81.17999999999999,1.1,5.88,2.42,85.96999999999998,5.74
5101407,Aripuanã,MT,4.43,21.6,73.7,0.26,1.53,2.38,94.35,1.73,0.09,19.79,55.59,24.53
5101605,Barão de Melgaço,MT,13.66,6.28,79.94,0.12,9.81,13.05,68.1,9.05,5.58,16.13,42.760000000000005,35.52
5101704,Barra do Bugres,MT,24.32,30.72,44.92,0.04,19.87,7.49,71.27,1.37,10.13,5.59,80.52,3.77
5101803,Barra do Garças,MT,49.65,19.61,28.66,2.09,42.92,12.46,41.98,2.64,37.08,10.64,45.81999999999999,6.45
5101852,Bom Jesus do Araguaia,MT,0.77,19.08,79.59,0.57,0.39,1.82,91.15,6.64,0.0,0.0,0.0,0.0
5101902,Brasnorte,MT,10.0,22.49,63.44,4.07,0.64,7.79,89.19000000000001,2.39,0.24,0.69,72.63000000000001,26.44
5102504,Cáceres,MT,20.47,45.3,34.18,0.06,15.49,45.1,38.52,0.89,11.09,33.55,43.43,11.94
5102603,Campinápolis,MT,4.15,2.18,67.78999999999999,25.88,0.45,12.03,61.2,26.32,0.82,5.46,61.12,32.61
5102637,Campo Novo do Parecis,MT,5.05,67.7,27.22,0.03,5.69,16.88,76.83,0.61,6.65,1.07,90.86,1.42
5102678,Campo Verde,MT,55.49,25.78,18.71,0.02,1.16,9.43,89.02,0.4,1.41,2.81,92.64,3.14
5102686,Campos de Júlio,MT,0.52,72.17,27.130000000000003,0.17,1.99,1.6,96.07,0.33,0.0,0.88,98.63,0.5
5102694,Canabrava do Norte,MT,0.13,8.23,91.57,0.06,0.07,0.85,92.33,6.75,0.0,19.87,16.8,63.34
5102702,Canarana,MT,3.1,44.14,52.11,0.64,1.43,3.15,93.2,2.23,0.18,0.78,92.67,6.38
5102793,Carlinda,MT,0.18,15.94,83.72,0.16,0.18,4.74,93.5,1.59,0.03,0.45,91.22,8.3
5102850,Castanheira,MT,0.81,3.42,95.63,0.15,0.64,7.0,88.1,4.26,0.0,0.61,74.76,24.63
5103007,Chapada dos Guimarães,MT,5.85,35.94,58.0,0.2,3.02,30.5,60.99,5.49,0.25,13.14,71.36,15.25
5103056,Cláudia,MT,45.1,38.41,16.48,0.03,16.79,1.43,80.39,1.4,0.15,3.44,89.87,6.54
5103106,Cocalinho,MT,1.49,6.9,91.62000000000002,0.0,0.06,1.82,96.82,1.29,0.22,0.22,94.25,5.31
5103205,Colíder,MT,26.84,8.13,65.03,0.0,14.7,3.32,81.57000000000001,0.41,0.16,1.51,95.58,2.75
5103254,Colniza,MT,1.01,18.08,80.77999999999999,0.12,0.09,3.01,92.14,4.76,0.0,0.0,0.0,0.0
5103304,Comodoro,MT,2.89,43.08,52.06,1.96,0.86,19.1,75.92999999999999,4.12,0.26,17.64,61.58999999999999,20.5
5103353,Confresa,MT,9.88,29.48,60.4,0.23,0.23,22.8,72.05,4.91,0.07,0.21,55.15,44.57
5103361,Conquista D'Oeste,MT,0.9,13.44,81.46000000000001,4.2,1.77,5.02,89.75999999999999,3.45,0.0,0.0,0.0,0.0
5103379,Cotriguaçu,MT,0.9,3.86,94.88,0.36,0.09,4.56,95.08,0.28,0.21,1.32,81.35,17.12
5103403,Cuiabá,MT,71.2,18.45,10.33,0.02,57.54,23.33,18.85,0.28,51.46,22.22,24.58,1.73
5103437,Curvelândia,MT,0.84,18.16,80.95,0.06,0.59,0.46,98.02,0.93,0.0,0.0,0.0,0.0
5103452,Denise,MT,0.93,4.52,94.52,0.04,1.66,4.61,93.19,0.54,8.92,4.61,82.62000000000002,3.85
5103502,Diamantino,MT,25.43,23.19,51.330000000000005,0.05,7.54,15.54,76.28000000000002,0.65,1.37,0.91,93.79,3.93
5103601,Dom Aquino,MT,27.53,16.85,55.59,0.03,2.3,3.77,92.99,0.95,0.64,0.3,92.8,6.26
5103700,Feliz Natal,MT,0.96,6.63,85.85000000000001,6.57,0.71,5.44,90.23999999999998,3.61,0.3,2.8,83.16,13.74
5103809,Figueirópolis D'Oeste,MT,0.17,1.24,98.6,0.0,0.17,1.58,96.6,1.66,0.09,0.27,74.13,25.51
5103858,Gaúcha do Norte,MT,1.27,31.98,52.07,14.69,1.32,9.49,77.85,11.34,0.11,15.91,76.78999999999999,7.18
5103908,General Carneiro,MT,8.97,0.95,79.8,10.29,1.05,17.23,70.32,11.39,0.0,0.19,74.83,24.98
5103957,Glória D'Oeste,MT,0.63,4.13,95.24,0.0,0.29,6.01,92.73,0.97,0.0,0.31,95.53,4.15
5104104,Guarantã do Norte,MT,11.31,39.28,49.36,0.04,0.66,1.86,96.73,0.75,0.29,1.94,88.39999999999999,9.36
5104203,Guiratinga,MT,51.11,24.01,24.81,0.07,47.9,16.8,33.99,1.3,46.76,1.49,48.18,3.57
5104500,Indiavaí,MT,2.51,39.43,57.83,0.24,3.32,0.8,95.08,0.8,0.0,2.91,94.91,2.19
5104526,Ipiranga do Norte,MT,1.96,20.7,77.3,0.04,0.26,1.86,97.63,0.26,0.0,0.0,0.0,0.0
5104542,Itanhangá,MT,1.41,13.48,85.11,0.0,0.89,1.34,97.64,0.13,0.0,0.0,0.0,0.0
5104559,Itaúba,MT,3.1,5.11,91.72,0.06,0.79,8.42,90.64,0.14,0.19,0.93,95.68,3.21
5104609,Itiquira,MT,1.7,41.88,56.4,0.02,1.6,1.55,96.52,0.33,0.92,12.28,84.41,2.4
5104807,Jaciara,MT,18.85,63.95,17.16,0.05,4.49,30.81,64.2,0.5,0.79,31.52,64.71000000000001,2.98
5104906,Jangada,MT,0.71,2.75,96.38,0.16,0.51,7.38,85.39000000000001,6.72,0.37,10.8,45.14,43.69
5105002,Jauru,MT,25.17,15.04,59.690000000000005,0.1,1.12,10.3,87.45,1.12,0.62,0.52,73.91000000000001,24.95
5105101,Juara,MT,20.06,35.04,44.85,0.04,5.04,10.96,83.21,0.79,0.71,9.04,84.97,5.27
5105150,Juína,MT,3.47,20.26,74.78,1.49,0.92,6.96,91.22,0.91,0.12,3.02,87.35,9.51
5105176,Juruena,MT,0.28,10.72,88.95,0.06,2.42,28.17,67.42,1.98,1.17,0.22,89.47999999999999,9.13
5105200,Juscimeira,MT,13.11,20.3,66.52,0.07,6.15,1.23,90.83,1.79,2.52,2.02,83.85000000000001,11.62
5105234,Lambari D'Oeste,MT,3.89,7.66,88.45,0.0,1.18,5.09,92.07,1.66,0.67,9.07,67.82000000000001,22.46
5105259,Lucas do Rio Verde,MT,40.54,34.73,24.730000000000004,0.0,21.83,25.55,52.53,0.09,0.76,4.82,93.98,0.45
5105309,Luciara,MT,2.44,2.19,94.27,1.1,0.46,0.3,95.43,3.81,0.0,0.17,76.35000000000001,23.49
5105507,Vila Bela da Santíssima Trindade,MT,11.25,27.28,61.35,0.13,3.69,9.4,85.24000000000001,1.67,0.2,7.31,68.02,24.47
5105580,Marcelândia,MT,2.69,8.41,88.62,0.29,0.91,1.26,95.88,1.95,0.57,1.16,90.14,8.14
5105606,Matupá,MT,9.03,52.1,38.720000000000006,0.15,0.31,8.92,88.19999999999999,2.58,0.1,0.47,84.36000000000001,15.06
5105622,Mirassol d'Oeste,MT,22.96,17.79,59.18,0.06,25.95,4.95,67.91000000000001,1.19,23.8,0.98,71.50999999999999,3.71
5105903,Nobres,MT,1.82,84.47,13.62,0.08,1.34,18.76,78.28,1.63,0.3,15.92,68.0,15.78
5106000,Nortelândia,MT,11.05,20.94,67.96000000000001,0.05,11.58,2.74,84.94000000000001,0.75,13.33,2.34,77.37999999999998,6.96
5106109,Nossa Senhora do Livramento,MT,2.33,48.28,48.85,0.54,0.59,28.73,66.48000000000002,4.2,0.0,1.54,56.260000000000005,42.2
5106158,Nova Bandeirantes,MT,0.43,10.01,89.4,0.16,2.0,22.06,75.36,0.58,0.5,0.0,68.17,31.33
5106174,Nova Nazaré,MT,2.45,47.15,35.32,15.07,1.18,7.37,73.55000000000001,17.89,0.0,0.0,0.0,0.0
5106182,Nova Lacerda,MT,3.09,11.78,82.71,2.42,0.67,40.43,58.22,0.67,0.35,9.99,59.82000000000001,29.85
5106190,Nova Santa Helena,MT,1.06,0.2,98.47,0.27,0.09,10.61,87.95,1.35,0.0,0.0,0.0,0.0
5106208,Nova Brasilândia,MT,0.97,0.58,98.38,0.06,0.97,19.86,75.92999999999999,3.24,0.9,6.61,73.15,19.35
5106216,Nova Canaã do Norte,MT,1.12,2.42,96.45,0.0,0.31,15.01,82.49,2.18,0.03,0.58,85.22,14.17
5106224,Nova Mutum,MT,4.85,38.11,57.04,0.0,1.65,30.06,68.01,0.28,0.43,2.79,94.39,2.39
5106232,Nova Olímpia,MT,0.73,1.71,97.36,0.21,1.98,4.37,93.01,0.65,1.0,2.41,87.46,9.14
5106240,Nova Ubiratã,MT,1.87,8.06,89.51,0.56,2.33,2.8,94.14,0.73,0.12,6.78,85.98,7.13
5106257,Nova Xavantina,MT,50.19,27.58,22.160000000000004,0.06,11.48,12.62,73.81,2.09,2.49,0.85,86.80000000000001,9.86
5106265,Novo Mundo,MT,1.03,28.72,70.19999999999999,0.04,0.04,0.8,98.66,0.49,0.0,4.63,74.46,20.91
5106273,Novo Horizonte do Norte,MT,1.2,31.08,67.72999999999999,0.0,0.25,7.21,91.96,0.59,0.0,0.35,61.35,38.3
5106281,Novo São Joaquim,MT,28.43,3.82,65.97000000000001,1.77,2.67,22.73,70.39,4.22,0.37,4.04,70.51,25.08
5106299,Paranaíta,MT,0.98,5.86,93.01,0.15,0.12,0.65,97.89,1.34,0.04,5.47,70.37,24.13
5106307,Paranatinga,MT,8.01,38.5,52.580000000000005,0.92,9.22,9.12,80.36999999999999,1.28,0.38,0.86,87.67,11.09
5106315,Novo Santo Antônio,MT,0.27,13.04,86.69,0.0,0.0,12.21,69.41,18.39,0.0,0.0,0.0,0.0
5106372,Pedra Preta,MT,22.59,14.62,62.76,0.05,6.15,5.76,86.9,1.19,7.99,1.03,86.83000000000001,4.15
5106422,Peixoto de Azevedo,MT,14.94,47.46,35.35000000000001,2.25,4.89,1.9,88.76,4.45,4.86,3.44,72.91,18.78
5106455,Planalto da Serra,MT,0.63,0.27,99.11,0.0,6.37,0.0,91.19,2.43,0.14,19.89,54.81,25.17
5106505,Poconé,MT,2.45,19.82,77.6,0.13,1.18,2.73,92.54999999999998,3.53,0.52,14.0,65.39,20.09
5106653,Pontal do Araguaia,MT,6.67,35.39,57.93,0.0,1.15,15.82,81.94,1.09,0.77,0.86,87.60999999999999,10.76
5106703,Ponte Branca,MT,0.6,0.24,98.8,0.36,0.62,0.46,98.61,0.31,0.15,66.1,21.78,11.96
5106752,Pontes e Lacerda,MT,50.73,12.5,36.7,0.05,32.89,2.79,63.70000000000001,0.62,9.55,1.99,79.65,8.8
5106778,Porto Alegre do Norte,MT,8.01,4.79,86.42,0.79,0.53,4.39,87.42,7.65,0.05,4.73,58.48,36.75
5106802,Porto dos Gaúchos,MT,2.83,54.86,42.27,0.05,1.82,5.23,91.65,1.31,0.07,4.31,83.17,12.46
5106828,Porto Esperidião,MT,16.26,21.58,62.14,0.03,3.45,1.16,90.66,4.73,0.49,3.69,77.68,18.14
5106851,Porto Estrela,MT,7.21,11.96,80.49000000000001,0.34,5.18,29.04,60.59,5.18,0.0,0.27,85.83000000000001,13.91
5107008,Poxoréu,MT,16.06,11.09,71.2,1.66,10.52,29.83,56.99,2.65,8.79,2.08,70.89,18.23
5107040,Primavera do Leste,MT,70.64,14.58,14.78,0.0,19.91,27.66,52.260000000000005,0.18,11.63,7.55,79.38000000000001,1.44
5107065,Querência,MT,3.01,17.53,76.27,3.18,2.0,4.13,88.16,5.72,0.11,0.44,81.04,18.42
5107107,São José dos Quatro Marcos,MT,13.01,29.22,57.73,0.04,9.32,10.35,79.55000000000001,0.79,1.8,74.5,20.82,2.88
5107156,Reserva do Cabaçal,MT,1.2,11.63,86.93,0.24,1.57,13.18,83.78999999999999,1.45,0.15,1.2,84.21000000000001,14.44
5107180,Ribeirão Cascalheira,MT,4.0,6.02,87.24,2.74,0.33,36.13,57.75,5.78,0.0,2.42,72.24999999999999,25.34
5107198,Ribeirãozinho,MT,39.11,0.3,60.2,0.4,31.49,0.81,63.26,4.44,0.0,0.83,80.63000000000001,18.54
5107206,Rio Branco,MT,13.02,0.69,86.24000000000001,0.06,0.3,1.07,97.57,1.07,0.28,0.21,86.42999999999999,13.09
5107248,Santa Carmem,MT,3.18,46.27,50.38,0.17,0.77,9.13,89.85000000000001,0.26,0.69,2.33,93.7,3.29
5107263,Santo Afonso,MT,5.64,30.2,64.16,0.0,1.58,9.11,88.51,0.79,0.0,1.95,70.44,27.62
5107297,São José do Povo,MT,0.09,0.61,99.12,0.18,2.25,4.59,92.54,0.61,0.37,9.62,69.19,20.83
5107305,São José do Rio Claro,MT,1.45,17.4,81.11999999999999,0.04,2.03,1.5,96.06,0.41,0.31,0.99,93.4,5.28
5107354,São José do Xingu,MT,5.01,6.15,85.38,3.46,0.73,3.43,93.86,1.98,0.47,0.33,53.3,45.9
5107404,São Pedro da Cipa,MT,6.73,11.55,81.58000000000001,0.13,2.7,1.39,94.05,1.85,4.27,1.15,78.76,15.83
5107578,Rondolândia,MT,0.19,5.21,94.6,0.0,0.0,3.4,90.11,6.49,0.0,0.0,0.0,0.0
5107602,Rondonópolis,MT,86.34,5.55,8.0,0.11,31.53,16.89,51.3,0.28,26.9,9.93,60.940000000000005,2.23
5107701,Rosário Oeste,MT,15.25,14.09,70.58,0.09,5.38,10.34,78.91,5.38,0.38,4.59,66.39999999999999,28.63
5107743,Santa Cruz do Xingu,MT,4.49,13.15,82.24000000000001,0.11,0.0,30.74,65.12,4.13,0.0,0.0,0.0,0.0
5107750,Salto do Céu,MT,1.01,4.04,94.94,0.0,0.55,4.21,93.53,1.72,0.16,39.16,45.73,14.95
5107768,Santa Rita do Trivelato,MT,21.52,47.43,31.05,0.0,0.0,2.93,96.93,0.14,0.0,0.0,0.0,0.0
5107776,Santa Terezinha,MT,0.17,2.27,95.98,1.58,0.29,44.87,38.5,16.33,0.14,27.83,44.13,27.9
5107792,Santo Antônio do Leste,MT,0.62,7.2,92.18,0.0,1.57,1.57,96.09,0.78,0.0,0.0,0.0,0.0
5107800,Santo Antônio de Leverger,MT,3.69,28.4,67.4,0.53,1.65,8.58,87.74000000000001,2.05,0.68,18.44,59.150000000000006,21.74
5107859,São Félix do Araguaia,MT,2.03,13.69,82.52000000000001,1.77,0.49,17.13,76.28,6.1,0.14,0.87,85.69999999999999,13.29
5107875,Sapezal,MT,8.19,71.65,19.74000000000001,0.42,1.87,39.09,58.38,0.67,0.76,4.18,92.36,2.71
5107883,Serra Nova Dourada,MT,0.0,0.94,98.76,0.31,0.23,8.43,83.6,7.74,0.0,0.0,0.0,0.0
5107909,Sinop,MT,18.43,27.68,53.87,0.01,0.86,10.28,88.69999999999999,0.16,0.23,6.04,92.25,1.48
5107925,Sorriso,MT,20.03,35.6,44.36,0.0,1.27,11.08,87.58,0.07,0.19,23.9,73.92,1.99
5107941,Tabaporã,MT,1.03,13.85,85.06,0.06,2.85,6.58,89.71000000000001,0.84,0.07,0.3,92.16,7.47
5107958,Tangará da Serra,MT,20.92,27.25,51.74,0.1,13.15,26.65,59.17,1.03,1.48,36.25,58.48,3.8
5108006,Tapurah,MT,1.98,18.66,79.36,0.0,0.77,19.33,79.71000000000001,0.19,1.15,5.41,88.95,4.49
5108055,Terra Nova do Norte,MT,0.86,14.59,84.39999999999999,0.16,0.45,11.87,87.30000000000001,0.39,0.44,6.59,81.85,11.12
5108105,Tesouro,MT,14.46,30.82,54.540000000000006,0.17,6.77,2.14,84.05999999999999,7.03,2.26,2.8,76.86,18.08
5108204,Torixoréu,MT,18.16,6.17,75.04,0.65,21.03,1.03,74.27,3.66,16.37,11.77,63.52,8.33
5108303,União do Sul,MT,0.23,52.73,46.52,0.53,0.79,0.35,96.16,2.72,0.1,0.0,96.03,3.88
5108352,Vale de São Domingos,MT,20.22,2.82,76.87,0.09,0.1,0.21,99.26,0.42,0.0,0.0,0.0,0.0
5108402,Várzea Grande,MT,37.28,35.04,27.64,0.05,20.49,27.85,51.28,0.38,10.95,29.76,55.53,3.75
5108501,Vera,MT,1.24,15.13,83.63000000000001,0.0,0.74,2.09,96.89,0.27,0.45,63.18,33.19,3.18
5108600,Vila Rica,MT,2.53,21.23,75.83,0.41,0.48,38.55,57.95,3.03,0.08,8.78,76.3,14.85
5108808,Nova Guarita,MT,19.4,43.95,36.59,0.06,0.0,1.0,97.81,1.2,0.0,1.31,74.02,24.67
5108857,Nova Marilândia,MT,1.21,71.31,27.48,0.0,0.33,0.43,97.94,1.3,0.33,0.33,89.34,10.0
5108907,Nova Maringá,MT,0.47,46.6,52.88,0.05,20.03,0.43,78.47,1.07,0.1,0.2,96.07,3.63
5108956,Nova Monte Verde,MT,0.3,1.17,98.53,0.0,0.12,4.09,94.95,0.84,0.06,0.96,70.37,28.62
